customer_id,first_name,last_name,email,phone,city,province,country,created_timestamp,updated_timestamp,is_active
1,Conor,Allen,conor.allen58@example.org.uk,+44 7700 900707,Milton Keynes,Buckinghamshire,United Kingdom,2026-06-13 03:01:47,2026-06-21 10:15:55,Y
2,Thomas,Richards,trichards41@example.org.uk,+44 7700 900567,Bury St Edmunds,Suffolk,United Kingdom,2026-06-23 23:57:34,2026-06-26 18:24:36,Y
3,Archie,Richards,archie.richards11@example.co.uk,+44 7700 900723,Bristol,Bristol,United Kingdom,2026-02-25 07:32:38,2026-02-26 00:45:23,Y
4,Reggie,Ross,reggie.ross4@example.org.uk,+44 7700 900641,Crawley,West Sussex,United Kingdom,2026-05-20 13:14:28,2026-06-07 22:06:23,Y
5,Sam,Moore,smoore22@example.co.uk,020 7946 0944,Bournemouth,Dorset,United Kingdom,2026-02-10 22:27:21,2026-02-19 02:41:09,Y
6,Ella,Brown,ella.brown6@example.co.uk,0161 496 0257,Mansfield,Nottinghamshire,United Kingdom,2026-01-24 12:06:22,2026-02-20 23:44:38,Y
7,Ben,Walker,benw38@example.co.uk,+44 7700 900867,Telford,Shropshire,United Kingdom,2026-04-28 17:07:59,2026-05-10 19:43:17,Y
8,Conor,Rees,crees@example.org.uk,+44 7700 900969,Truro,Cornwall,United Kingdom,2026-06-08 11:36:12,2026-06-30 13:38:54,Y
9,Fatima,Williams,fwilliams19@example.net,+44 7700 900204,Harrogate,North Yorkshire,United Kingdom,2026-03-16 02:54:14,2026-04-12 06:18:31,Y
10,Iona,Martin,imartin10@example.co.uk,+44 7700 900102,Liverpool,Merseyside,United Kingdom,2026-04-04 05:23:22,2026-04-11 02:41:06,Y
11,Isla,Wright,isla.wright65@example.co.uk,+44 7700 900899,Stirling,Stirlingshire,United Kingdom,2026-06-15 02:38:40,2026-06-20 20:24:55,Y
12,Raj,Thompson,rthompson99@example.com,+44 7700 900041,Lisburn,County Antrim,United Kingdom,2026-04-08 08:59:40,2026-05-01 02:14:23,Y
13,Carys,Murphy,carysm@example.co.uk,+44 7700 900786,Reading,Berkshire,United Kingdom,2026-01-15 07:52:02,2026-02-09 18:17:19,Y
14,Thomas,Knight,thomas.knight14914@example.com,+44 7700 900739,Torquay,Devon,United Kingdom,2026-05-26 22:20:13,2026-06-16 13:46:09,Y
15,Oscar,Clarke,oscar.clarke1515@example.co.uk,+44 7700 900424,Chester,Cheshire,United Kingdom,2026-04-28 04:16:08,2026-05-06 03:51:42,Y
16,Erin,Williams,ewilliams16@example.co.uk,+44 7700 900218,Colchester,Essex,United Kingdom,2026-05-30 13:57:37,2026-06-12 01:11:45,Y
17,Amelia,Jackson,ameliaj@example.com,+44 7700 900494,Brighton,East Sussex,United Kingdom,2026-01-24 01:55:07,2026-01-28 22:05:57,Y
18,Katie,Singh,katies18@example.net,+44 7700 900777,Solihull,West Midlands,United Kingdom,2026-06-02 02:24:24,2026-06-21 16:57:40,N
19,Grace,Ross,gracer5519@example.co.uk,+44 7700 900459,London,Greater London,United Kingdom,2026-01-03 21:46:07,2026-01-25 15:34:24,Y
20,Raj,Ross,rajr37@example.net,0191 496 0842,Romford,Greater London,United Kingdom,2026-03-29 03:18:27,2026-04-03 17:19:13,Y
21,Bethan,Barker,bethan.barker2118@example.com,+44 7700 900130,Norwich,Norfolk,United Kingdom,2026-03-09 16:48:11,2026-03-25 20:43:51,Y
22,Raj,Allen,rallen@example.co.uk,020 7946 0524,Newry,County Down,United Kingdom,2026-06-13 16:38:12,2026-06-18 04:26:22,Y
23,Conor,Kaur,ckaur23@example.net,020 7946 0332,Slough,Berkshire,United Kingdom,2026-05-16 00:38:20,2026-05-31 00:46:19,Y
24,Jack,Holmes,jholmes@example.net,01632 963859,Worthing,West Sussex,United Kingdom,2026-03-20 07:03:15,2026-04-18 01:08:20,Y
25,Arjun,Hunt,arjun.hunt253@example.com,+44 7700 900760,Warrington,Cheshire,United Kingdom,2026-01-18 17:49:08,2026-01-23 15:19:43,Y
26,Maisie,Ward,mward26@example.com,+44 7700 900209,Torquay,Devon,United Kingdom,2026-05-16 19:27:13,2026-06-15 13:15:59,Y
27,Niamh,Singh,niamh.singh276327@example.co.uk,+44 7700 900049,Carlisle,Cumbria,United Kingdom,2026-03-21 12:42:41,2026-04-02 03:40:14,Y
28,Maisie,Hussain,mhussain@example.com,+44 7700 900318,Leicester,Leicestershire,United Kingdom,2026-03-05 07:04:21,2026-03-06 01:39:35,Y
29,Harry,Owen,howen@example.co.uk,+44 7700 900617,Liverpool,Merseyside,United Kingdom,2026-01-02 02:45:40,2026-01-03 09:50:37,Y
30,George,Brown,george.brown30@example.org.uk,+44 7700 900645,Barnsley,South Yorkshire,United Kingdom,2026-03-26 02:32:15,2026-04-04 00:03:28,Y
31,Maisie,Ross,maisie.ross5231@example.co.uk,+44 7700 900270,Lincoln,Lincolnshire,United Kingdom,2026-05-27 18:30:15,2026-06-22 10:21:41,Y
32,Grace,Taylor,grace.taylor3265@example.co.uk,+44 7700 900096,Bradford,West Yorkshire,United Kingdom,2026-01-25 21:27:22,2026-02-08 10:57:17,Y
33,Ella,Harris,ella.harris@example.co.uk,01632 969836,Newry,County Down,United Kingdom,2026-06-22 20:41:06,2026-06-24 09:27:27,Y
34,Sophie,Moore,smoore22@example.com,+44 7700 900501,Canterbury,Kent,United Kingdom,2026-01-28 07:12:12,2026-02-14 21:20:39,Y
35,Alfie,Thompson,alfiet35@example.co.uk,01632 961221,Canterbury,Kent,United Kingdom,2026-04-29 07:55:59,2026-05-01 22:47:54,Y
36,Evie,Bennett,evie.bennett@example.co.uk,+44 7700 900613,Warrington,Cheshire,United Kingdom,2026-01-26 01:41:34,2026-02-21 01:47:33,Y
37,Callum,Barker,callum.barker@example.org.uk,+44 7700 900013,Chesterfield,Derbyshire,United Kingdom,2026-03-02 05:26:31,2026-03-17 12:21:56,Y
38,Willow,Holmes,willow.holmes38@example.co.uk,029 496 0578,Shrewsbury,Shropshire,United Kingdom,2026-02-12 12:00:24,2026-02-21 02:18:51,Y
39,Toby,Edwards,toby.edwards39@example.co.uk,+44 7700 900711,Lincoln,Lincolnshire,United Kingdom,2026-05-23 21:45:31,2026-05-28 04:03:44,N
40,Florence,Griffiths,fgriffiths40@example.co.uk,+44 7700 900161,Maidstone,Kent,United Kingdom,2026-05-29 23:34:03,2026-06-22 09:37:06,Y
41,Daniel,Price,daniel.price4141@example.co.uk,01632 962414,Kendal,Cumbria,United Kingdom,2026-05-09 16:10:03,2026-06-09 08:15:57,Y
42,Poppy,White,poppyw3842@example.co.uk,+44 7700 900082,Reading,Berkshire,United Kingdom,2026-06-02 02:43:55,2026-06-09 14:51:51,Y
43,Thomas,Cook,thomas.cook43@example.co.uk,+44 7700 900882,Norwich,Norfolk,United Kingdom,2026-05-29 19:02:39,2026-06-01 08:45:16,Y
44,Eilidh,Shaw,eilidh.shaw@example.co.uk,+44 7700 900137,Newport,Gwent,United Kingdom,2026-03-22 08:13:42,2026-04-13 18:28:58,Y
45,Arthur,Murphy,amurphy@example.co.uk,+44 7700 900346,Solihull,West Midlands,United Kingdom,2026-06-21 20:19:29,2026-07-01 22:19:58,Y
46,Mohammed,Hunt,mhunt@example.net,0117 496 0187,Telford,Shropshire,United Kingdom,2026-05-25 03:04:34,2026-05-31 19:20:42,Y
47,Reggie,Smith,reggie.smith@example.co.uk,01632 969532,Barnsley,South Yorkshire,United Kingdom,2026-01-18 07:23:18,2026-01-23 22:16:52,Y
48,Joshua,Taylor,joshuat64@example.com,+44 7700 900414,Mansfield,Nottinghamshire,United Kingdom,2026-06-06 20:33:00,2026-06-28 13:52:59,Y
49,Andrew,Clarke,andrew.clarke29@example.co.uk,+44 7700 900081,Northampton,Northamptonshire,United Kingdom,2026-02-04 08:07:56,2026-02-08 07:43:05,Y
50,Willow,Jackson,willowj97@example.com,01632 961494,Birkenhead,Merseyside,United Kingdom,2026-06-04 06:45:21,2026-06-11 04:26:15,Y
51,Priya,Chowdhury,priya.chowdhury76@example.org.uk,+44 7700 900565,Doncaster,South Yorkshire,United Kingdom,2026-05-06 08:57:58,2026-06-02 10:03:38,Y
52,Zain,Byrne,zain.byrne52@example.co.uk,+44 7700 900911,Taunton,Somerset,United Kingdom,2026-03-12 01:00:21,2026-04-05 05:40:37,Y
53,Daisy,Doyle,daisyd@example.co.uk,0115 496 0358,Truro,Cornwall,United Kingdom,2026-04-24 17:45:27,2026-05-11 17:52:31,Y
54,James,Owen,jowen1754@example.net,+44 7700 900833,Londonderry,County Londonderry,United Kingdom,2026-06-26 04:34:02,2026-07-22 16:11:37,Y
55,Raj,Powell,rpowell@example.com,+44 7700 900513,Northampton,Northamptonshire,United Kingdom,2026-02-02 01:19:23,2026-03-02 03:16:45,Y
56,Millie,O'Brien,millie.obrien56@example.com,+44 7700 900032,Birmingham,West Midlands,United Kingdom,2026-03-05 21:06:22,2026-03-30 15:03:17,Y
57,Luke,Ward,lukew@example.co.uk,020 7946 0835,Bangor,Gwynedd,United Kingdom,2026-06-08 23:09:59,2026-07-08 07:05:09,N
58,Finley,Clark,finley.clark5858@example.co.uk,+44 7700 900527,Ayr,South Ayrshire,United Kingdom,2026-02-15 13:01:11,2026-03-10 23:52:10,Y
59,Katie,Cooper,kcooper2959@example.co.uk,+44 7700 900572,Norwich,Norfolk,United Kingdom,2026-06-21 23:51:15,2026-06-30 05:41:59,Y
60,Florence,Rees,florencer@example.net,+44 7700 900406,Swansea,West Glamorgan,United Kingdom,2026-01-10 15:14:12,2026-02-06 05:36:31,Y
61,Ryan,Kaur,ryan.kaur619061@example.co.uk,01632 964650,Southend-on-Sea,Essex,United Kingdom,2026-02-28 07:01:42,2026-03-06 19:22:59,Y
62,Florence,Walker,fwalker72@example.org.uk,+44 7700 900623,Stirling,Stirlingshire,United Kingdom,2026-03-13 11:41:32,2026-03-26 09:35:06,Y
63,Charlie,Wood,cwood@example.co.uk,+44 7700 900702,Birkenhead,Merseyside,United Kingdom,2026-01-08 03:56:16,2026-01-13 22:12:18,Y
64,Luke,Newman,luke.newman97@example.co.uk,+44 7700 900906,Leeds,West Yorkshire,United Kingdom,2026-04-22 11:46:50,2026-05-03 01:25:22,Y
65,Sophia,Hughes,sophiah27@example.co.uk,01632 969222,Nottingham,Nottinghamshire,United Kingdom,2026-05-28 06:16:02,2026-06-19 19:16:35,Y
66,Leo,Reid,leor98@example.net,020 7946 0060,Peterborough,Cambridgeshire,United Kingdom,2026-05-18 21:46:47,2026-06-11 18:59:10,Y
67,Daisy,Reid,daisy.reid6790@example.co.uk,+44 7700 900364,Exeter,Devon,United Kingdom,2026-06-20 10:39:20,2026-07-11 14:26:17,Y
68,Rosie,Barnes,rosieb38@example.co.uk,+44 7700 900245,Milton Keynes,Buckinghamshire,United Kingdom,2026-03-21 21:26:20,2026-04-03 19:44:55,Y
69,David,Harrison,davidh@example.org.uk,+44 7700 900377,Perth,Perth and Kinross,United Kingdom,2026-04-18 21:24:43,2026-05-12 03:04:19,Y
70,Theo,Davis,tdavis70@example.co.uk,020 7946 0361,St Albans,Hertfordshire,United Kingdom,2026-05-21 00:19:18,2026-05-27 14:09:55,Y
71,Hannah,Webb,hannah.webb@example.com,0131 496 0138,Worcester,Worcestershire,United Kingdom,2026-03-24 14:28:28,2026-04-14 21:00:58,Y
72,Daniel,Kelly,daniel.kelly80@example.com,+44 7700 900334,Chelmsford,Essex,United Kingdom,2026-02-13 21:05:18,2026-03-02 18:45:57,Y
73,Mia,Thompson,miat@example.co.uk,+44 7700 900383,Kingston upon Hull,East Riding of Yorkshire,United Kingdom,2026-03-02 21:19:14,2026-03-28 03:28:15,Y
74,Eilidh,Green,eilidh.green3774@example.co.uk,020 7946 0220,Bangor,County Down,United Kingdom,2026-05-02 19:54:49,2026-05-05 10:21:45,Y
75,Fatima,Kelly,fatima.kelly@example.co.uk,01632 966437,Bolton,Greater Manchester,United Kingdom,2026-02-19 22:44:24,2026-03-07 10:59:33,Y
76,Joshua,Morgan,jmorgan76@example.co.uk,01632 960558,Banbury,Oxfordshire,United Kingdom,2026-01-02 03:49:27,2026-01-09 09:41:11,Y
77,Liam,Jones,ljones@example.net,+44 7700 900921,Lincoln,Lincolnshire,United Kingdom,2026-01-13 17:15:58,2026-02-09 20:45:06,Y
78,Millie,Grant,millieg72@example.com,+44 7700 900960,Exeter,Devon,United Kingdom,2026-06-20 16:35:38,2026-07-01 07:15:30,Y
79,Charlotte,Murphy,charlottem79@example.co.uk,+44 7700 900342,Cambridge,Cambridgeshire,United Kingdom,2026-05-10 13:53:58,2026-05-28 04:51:08,Y
80,Priya,Harris,priyah64@example.com,+44 7700 900127,Eastbourne,East Sussex,United Kingdom,2026-05-02 14:16:48,2026-05-10 10:34:37,Y
81,Anya,Chowdhury,anya.chowdhury81@example.co.uk,+44 7700 900141,Eastbourne,East Sussex,United Kingdom,2026-05-05 20:15:17,2026-05-19 23:00:35,Y
82,Lily,Wilson,lily.wilson3182@example.com,+44 7700 900661,Poole,Dorset,United Kingdom,2026-03-27 10:57:34,2026-03-29 15:06:48,Y
83,Theo,Fraser,theo.fraser2@example.co.uk,+44 7700 900538,Eastbourne,East Sussex,United Kingdom,2026-02-09 22:13:04,2026-02-23 11:34:38,Y
84,Hannah,Smith,hannah.smith@example.co.uk,+44 7700 900037,Chelmsford,Essex,United Kingdom,2026-01-16 06:53:26,2026-01-29 01:37:27,Y
85,Ella,Hunt,ellah@example.co.uk,+44 7700 900217,Loughborough,Leicestershire,United Kingdom,2026-05-28 12:30:00,2026-06-27 23:49:48,Y
86,Reggie,Richards,reggie.richards@example.co.uk,+44 7700 900961,Rotherham,South Yorkshire,United Kingdom,2026-04-18 17:47:47,2026-05-06 13:45:01,Y
87,Mohammed,O'Brien,mohammed.obrien87@example.org.uk,01632 968045,Huddersfield,West Yorkshire,United Kingdom,2026-03-11 13:31:01,2026-03-24 00:13:44,Y
88,Daisy,Williams,daisy.williams88@example.net,020 7946 0408,Maidstone,Kent,United Kingdom,2026-02-12 14:58:08,2026-03-04 08:00:06,Y
89,Sam,Williams,sam.williams36@example.net,020 7946 0954,Londonderry,County Londonderry,United Kingdom,2026-05-25 21:01:05,2026-06-15 10:10:00,Y
90,Bethan,Owen,bethan.owen@example.com,+44 7700 900978,St Albans,Hertfordshire,United Kingdom,2026-01-13 08:24:20,2026-01-19 22:44:41,Y
91,Eilidh,Baker,ebaker@example.co.uk,01632 968867,Maidstone,Kent,United Kingdom,2026-04-08 08:48:53,2026-04-21 17:41:58,Y
92,Arjun,Walker,awalker@example.co.uk,020 7946 0581,Cambridge,Cambridgeshire,United Kingdom,2026-05-19 01:22:14,2026-06-08 04:11:55,Y
93,Sophie,Palmer,sophie.palmer93@example.com,+44 7700 900852,Preston,Lancashire,United Kingdom,2026-01-08 07:12:53,2026-01-09 02:22:08,Y
94,Millie,Fraser,mfraser@example.co.uk,+44 7700 900359,Doncaster,South Yorkshire,United Kingdom,2026-06-21 03:36:13,2026-07-06 01:53:02,Y
95,Freddie,Begum,freddieb@example.com,+44 7700 900174,Canterbury,Kent,United Kingdom,2026-06-05 19:47:45,2026-06-09 01:06:51,Y
96,Elsie,Turner,elsie.turner85@example.co.uk,+44 7700 900485,Stoke-on-Trent,Staffordshire,United Kingdom,2026-03-21 18:43:58,2026-04-21 07:09:43,Y
97,Theo,Sharma,theos97@example.net,+44 7700 900885,Glasgow,Glasgow City,United Kingdom,2026-06-01 22:53:40,2026-06-09 02:38:29,Y
98,Archie,Murray,amurray@example.net,+44 7700 900972,Doncaster,South Yorkshire,United Kingdom,2026-06-25 19:51:07,2026-07-21 14:41:09,Y
99,Raj,Mason,raj.mason992@example.org.uk,020 7946 0526,Belfast,County Antrim,United Kingdom,2026-04-20 21:23:04,2026-05-07 17:44:04,Y
100,Callum,Moore,cmoore@example.org.uk,+44 7700 900588,Birmingham,West Midlands,United Kingdom,2026-05-06 03:27:23,2026-05-26 18:12:32,Y
101,Niamh,Stewart,nstewart24@example.co.uk,01632 962746,Gloucester,Gloucestershire,United Kingdom,2026-05-14 20:17:39,2026-06-09 14:07:09,Y
102,Adam,Chapman,adam.chapman10281@example.co.uk,020 7946 0753,Stevenage,Hertfordshire,United Kingdom,2026-06-01 08:20:54,2026-06-08 10:38:50,Y
103,Fraser,Lewis,fraser.lewis67@example.co.uk,01632 966988,Livingston,West Lothian,United Kingdom,2026-04-29 18:39:42,2026-05-12 04:41:13,Y
104,Elsie,Quinn,elsie.quinn104104@example.co.uk,+44 7700 900328,Guildford,Surrey,United Kingdom,2026-02-16 15:13:22,2026-03-13 23:34:39,Y
105,Sophie,Graham,sophie.graham65@example.co.uk,+44 7700 900268,Aberdeen,Aberdeen City,United Kingdom,2026-06-29 08:35:00,2026-07-15 14:40:15,Y
106,Jacob,Graham,jacobg@example.co.uk,+44 7700 900531,Derby,Derbyshire,United Kingdom,2026-05-06 17:48:15,2026-05-29 09:30:00,Y
107,Ethan,Fletcher,ethan.fletcher10781107@example.org.uk,+44 7700 900128,Bath,Somerset,United Kingdom,2026-01-05 02:18:14,2026-01-18 00:33:33,Y
108,James,Thompson,james.thompson108@example.net,+44 7700 900458,Kingston upon Hull,East Riding of Yorkshire,United Kingdom,2026-04-05 15:35:33,2026-04-17 05:23:08,Y
109,Hannah,Begum,hannahb@example.org.uk,+44 7700 900811,Basingstoke,Hampshire,United Kingdom,2026-06-29 14:17:19,2026-07-07 21:25:05,Y
110,Conor,Harrison,conor.harrison@example.com,+44 7700 900049,Bangor,Gwynedd,United Kingdom,2026-01-31 23:34:48,2026-02-23 04:47:01,Y
111,Liam,Richards,lrichards@example.co.uk,+44 7700 900401,Watford,Hertfordshire,United Kingdom,2026-03-12 23:37:48,2026-03-29 18:55:54,Y
112,Bonnie,King,bonniek112@example.co.uk,+44 7700 900026,Bangor,County Down,United Kingdom,2026-03-17 07:23:11,2026-03-26 08:08:45,Y
113,Ruby,Green,ruby.green@example.com,029 496 0137,Stockport,Greater Manchester,United Kingdom,2026-01-12 01:35:18,2026-02-03 06:16:13,Y
114,Nancy,Bailey,nbailey114@example.com,0114 496 0554,Stoke-on-Trent,Staffordshire,United Kingdom,2026-01-27 00:36:18,2026-02-11 16:04:39,Y
115,Eilidh,Green,egreen2@example.com,+44 7700 900296,Enfield,Greater London,United Kingdom,2026-01-14 08:55:30,2026-01-17 11:21:01,Y
116,Toby,White,tobyw52@example.net,+44 7700 900114,Guildford,Surrey,United Kingdom,2026-06-11 21:03:09,2026-06-16 15:22:14,N
117,David,Reid,davidr63@example.co.uk,+44 7700 900013,Chesterfield,Derbyshire,United Kingdom,2026-01-31 17:48:26,2026-02-20 13:39:05,Y
118,Leo,Harris,lharris9118@example.co.uk,01632 960154,Lisburn,County Antrim,United Kingdom,2026-05-14 12:28:58,2026-05-28 22:24:35,N
119,Michael,Hussain,michael.hussain9@example.co.uk,+44 7700 900130,Stevenage,Hertfordshire,United Kingdom,2026-03-20 18:39:03,2026-04-09 17:45:51,Y
120,Alfie,Chapman,alfie.chapman@example.co.uk,0151 496 0680,London,Greater London,United Kingdom,2026-02-24 08:42:05,2026-03-01 15:53:40,Y
121,Liam,Owen,liam.owen54@example.com,+44 7700 900834,Livingston,West Lothian,United Kingdom,2026-01-01 13:28:44,2026-01-21 04:46:46,Y
122,Daniel,Khan,danielk@example.co.uk,+44 7700 900713,Wakefield,West Yorkshire,United Kingdom,2026-06-30 09:44:55,2026-07-14 12:28:09,Y
123,Mohammed,Martin,mmartin40@example.net,+44 7700 900235,Merthyr Tydfil,Mid Glamorgan,United Kingdom,2026-06-10 18:42:51,2026-07-10 01:09:58,Y
124,Fraser,Evans,frasere32@example.com,+44 7700 900958,Romford,Greater London,United Kingdom,2026-06-15 04:58:17,2026-07-11 09:02:20,Y
125,Millie,Walker,millie.walker12511@example.com,01632 960310,Nottingham,Nottinghamshire,United Kingdom,2026-03-20 19:47:52,2026-04-08 05:15:59,Y
126,Charlie,Johnson,cjohnson@example.org.uk,+44 7700 900679,Dundee,Dundee City,United Kingdom,2026-03-19 22:25:17,2026-04-05 15:56:45,Y
127,Daisy,Fletcher,daisyf10127@example.co.uk,+44 7700 900854,London,Greater London,United Kingdom,2026-01-11 13:47:20,2026-01-30 21:48:25,Y
128,Thomas,Murphy,thomas.murphy128@example.org.uk,0191 496 0102,Watford,Hertfordshire,United Kingdom,2026-06-22 18:37:01,2026-07-17 16:29:18,Y
129,Michael,Kelly,michael.kelly129@example.org.uk,020 7946 0650,Lisburn,County Antrim,United Kingdom,2026-02-14 15:33:41,2026-02-28 23:45:18,Y
130,Bethan,White,bethanw130@example.org.uk,020 7946 0917,Norwich,Norfolk,United Kingdom,2026-05-06 02:30:22,2026-05-19 12:51:04,Y
131,Finley,Bailey,finley.bailey@example.org.uk,+44 7700 900487,London,Greater London,United Kingdom,2026-02-11 10:26:44,2026-02-26 20:09:09,Y
132,Saoirse,Roberts,saoirse.roberts132@example.co.uk,0115 496 0234,Dartford,Kent,United Kingdom,2026-05-21 01:29:05,2026-05-31 09:49:12,N
133,Freddie,Davis,freddie.davis133@example.co.uk,+44 7700 900742,Stoke-on-Trent,Staffordshire,United Kingdom,2026-04-14 16:52:00,2026-05-06 10:21:26,Y
134,Theo,Shaw,tshaw49@example.net,01632 968976,Kingston upon Hull,East Riding of Yorkshire,United Kingdom,2026-05-13 11:39:48,2026-05-29 08:08:36,Y
135,Abigail,Mason,amason@example.net,+44 7700 900774,Inverness,Highland,United Kingdom,2026-03-10 17:08:59,2026-03-20 08:05:43,Y
136,Luke,Thompson,lthompson38136@example.com,+44 7700 900574,Blackpool,Lancashire,United Kingdom,2026-01-08 20:38:51,2026-01-16 18:49:10,Y
137,Nancy,Cooper,nancy.cooper137@example.co.uk,01632 963717,Cambridge,Cambridgeshire,United Kingdom,2026-05-22 13:05:14,2026-06-17 16:34:21,Y
138,Henry,Khan,henry.khan138@example.net,+44 7700 900240,Worthing,West Sussex,United Kingdom,2026-02-09 15:59:45,2026-02-19 08:45:02,Y
139,Daniel,Chapman,daniel.chapman@example.net,+44 7700 900025,Newry,County Down,United Kingdom,2026-05-04 15:15:29,2026-05-21 19:39:41,Y
140,Ava,Dixon,avad20@example.co.uk,+44 7700 900995,Basingstoke,Hampshire,United Kingdom,2026-05-11 23:56:08,2026-06-08 02:13:57,Y
141,Archie,Price,archiep141@example.com,+44 7700 900180,Wrexham,Clwyd,United Kingdom,2026-04-17 10:59:50,2026-05-03 19:51:50,Y
142,Olivia,Murphy,olivia.murphy142@example.co.uk,01632 962792,Warrington,Cheshire,United Kingdom,2026-03-18 18:37:42,2026-04-02 23:06:16,Y
143,Adam,Hunt,adam.hunt143@example.co.uk,01632 965209,Bradford,West Yorkshire,United Kingdom,2026-03-27 17:48:34,2026-04-09 08:47:54,Y
144,James,Roberts,jamesr144@example.co.uk,029 496 0758,Hastings,East Sussex,United Kingdom,2026-06-28 07:36:24,2026-07-05 20:38:44,Y
145,Lily,Brown,lily.brown14584@example.net,+44 7700 900775,Basingstoke,Hampshire,United Kingdom,2026-06-30 12:24:42,2026-07-26 08:34:13,N
146,Molly,Wood,molly.wood@example.co.uk,+44 7700 900903,Wakefield,West Yorkshire,United Kingdom,2026-02-02 16:37:21,2026-03-01 20:33:15,Y
147,Erin,Miller,erin.miller147@example.co.uk,020 7946 0895,Bracknell,Berkshire,United Kingdom,2026-05-15 14:00:46,2026-05-20 03:56:27,N
148,Lucy,Quinn,lucy.quinn59@example.com,020 7946 0423,Colchester,Essex,United Kingdom,2026-01-20 15:50:16,2026-01-31 11:34:41,Y
149,Alfie,Knight,aknight@example.com,0131 496 0267,Newcastle upon Tyne,Tyne and Wear,United Kingdom,2026-03-26 21:54:34,2026-04-08 08:35:19,Y
150,Callum,Begum,callum.begum15027@example.co.uk,01632 961925,Bangor,Gwynedd,United Kingdom,2026-05-05 17:02:39,2026-05-08 00:43:22,Y
151,Chloe,Marshall,cmarshall72@example.co.uk,0191 496 0253,Paisley,Renfrewshire,United Kingdom,2026-02-28 23:05:27,2026-03-04 19:51:22,Y
152,Mia,Ahmed,mia.ahmed15258@example.com,+44 7700 900582,Plymouth,Devon,United Kingdom,2026-02-12 22:19:57,2026-02-12 23:40:47,Y
153,Niamh,Cooper,ncooper@example.net,020 7946 0277,Derby,Derbyshire,United Kingdom,2026-04-02 11:27:09,2026-04-10 03:53:45,Y
154,Florence,Barnes,florence.barnes62@example.co.uk,+44 7700 900931,Cardiff,South Glamorgan,United Kingdom,2026-02-16 05:11:05,2026-03-07 17:50:48,Y
155,Callum,Dixon,cdixon41155@example.co.uk,01632 961638,Glasgow,Glasgow City,United Kingdom,2026-05-30 04:14:29,2026-06-19 12:43:45,Y
156,Niamh,Cooper,niamh.cooper87@example.org.uk,0121 496 0305,Middlesbrough,North Yorkshire,United Kingdom,2026-04-30 09:43:34,2026-05-05 12:11:56,N
157,Zain,Quinn,zain.quinn157@example.co.uk,01632 966606,London,Greater London,United Kingdom,2026-03-18 20:27:44,2026-03-27 11:22:03,Y
158,Rosie,Barker,rbarker158@example.net,+44 7700 900199,Great Yarmouth,Norfolk,United Kingdom,2026-04-09 15:06:15,2026-04-22 09:28:51,Y
159,Zain,Byrne,zbyrne@example.net,+44 7700 900125,Maidstone,Kent,United Kingdom,2026-06-29 09:01:53,2026-07-20 21:18:53,Y
160,Charlie,Hussain,charlieh89@example.co.uk,+44 7700 900995,Bath,Somerset,United Kingdom,2026-06-25 23:03:58,2026-07-15 22:35:51,Y
161,Zain,Kaur,zain.kaur161@example.com,0113 496 0189,Crewe,Cheshire,United Kingdom,2026-03-15 07:38:51,2026-03-26 15:19:03,Y
162,Liam,Morris,liam.morris162@example.co.uk,+44 7700 900028,Crewe,Cheshire,United Kingdom,2026-06-23 23:49:42,2026-07-15 04:29:48,Y
163,Bonnie,Hughes,bonnieh163@example.org.uk,029 496 0638,Winchester,Hampshire,United Kingdom,2026-06-15 01:19:50,2026-06-29 02:57:13,Y
164,Iona,Chapman,iona.chapman164164@example.net,01632 964874,Shrewsbury,Shropshire,United Kingdom,2026-01-24 09:20:47,2026-02-06 14:32:55,Y
165,Zara,Bailey,zara.bailey39@example.net,+44 7700 900758,Lisburn,County Antrim,United Kingdom,2026-04-04 16:32:58,2026-04-12 21:49:56,Y
166,Dylan,Johnson,dylan.johnson16641166@example.co.uk,020 7946 0721,Gloucester,Gloucestershire,United Kingdom,2026-05-04 09:47:55,2026-05-14 13:16:59,Y
167,William,Thompson,wthompson@example.co.uk,01632 965298,Oldham,Greater Manchester,United Kingdom,2026-02-27 21:46:43,2026-03-12 15:09:48,Y
168,Anya,Ahmed,aahmed@example.net,+44 7700 900212,Coventry,West Midlands,United Kingdom,2026-01-04 08:34:07,2026-01-18 20:17:54,Y
169,Max,Price,max.price169169@example.org.uk,+44 7700 900266,Bristol,Bristol,United Kingdom,2026-05-30 12:52:40,2026-06-29 23:59:23,Y
170,Florence,Chapman,fchapman11170@example.co.uk,+44 7700 900806,Colchester,Essex,United Kingdom,2026-01-07 19:56:35,2026-01-18 15:11:16,Y
171,Fatima,Martin,fatima.martin@example.co.uk,0131 496 0016,Cheltenham,Gloucestershire,United Kingdom,2026-04-29 22:19:41,2026-05-13 01:27:43,Y
172,Thomas,Fletcher,thomas.fletcher172@example.org.uk,01632 969082,Peterborough,Cambridgeshire,United Kingdom,2026-03-19 15:07:06,2026-03-27 08:15:30,Y
173,Evie,Newman,evie.newman173@example.com,+44 7700 900690,Wolverhampton,West Midlands,United Kingdom,2026-06-21 23:44:34,2026-07-05 18:32:20,Y
174,Leo,Allen,lallen@example.com,+44 7700 900007,Bangor,Gwynedd,United Kingdom,2026-04-17 20:06:53,2026-05-03 15:33:10,Y
175,Freddie,Dixon,fdixon52175@example.org.uk,+44 7700 900397,Chesterfield,Derbyshire,United Kingdom,2026-04-05 06:28:28,2026-05-05 14:22:51,Y
176,Harper,Ahmed,harper.ahmed@example.co.uk,01632 961596,Dundee,Dundee City,United Kingdom,2026-06-25 11:34:57,2026-07-15 22:38:22,Y
177,Joshua,Murphy,joshua.murphy17765@example.co.uk,+44 7700 900349,Glasgow,Glasgow City,United Kingdom,2026-02-01 14:05:42,2026-02-08 10:46:20,N
178,Erin,Gibson,egibson@example.org.uk,020 7946 0005,Wakefield,West Yorkshire,United Kingdom,2026-01-13 10:15:08,2026-02-08 04:28:12,Y
179,Arthur,Cook,acook14@example.com,+44 7700 900393,Sunderland,Tyne and Wear,United Kingdom,2026-05-22 06:37:13,2026-06-17 13:59:02,Y
180,Priya,Foster,priyaf@example.co.uk,01632 963258,Glasgow,Glasgow City,United Kingdom,2026-06-02 00:17:54,2026-06-06 04:52:10,Y
181,William,Bailey,williamb181@example.co.uk,+44 7700 900092,Salisbury,Wiltshire,United Kingdom,2026-01-29 21:55:01,2026-02-02 22:17:51,Y
182,Bethan,Roberts,broberts@example.co.uk,020 7946 0911,Birkenhead,Merseyside,United Kingdom,2026-05-31 10:01:11,2026-06-08 11:09:58,Y
183,Jack,Hussain,jack.hussain183@example.co.uk,+44 7700 900047,Glasgow,Glasgow City,United Kingdom,2026-01-30 23:04:30,2026-02-14 10:37:07,Y
184,Arjun,Khan,arjunk62@example.co.uk,+44 7700 900011,Romford,Greater London,United Kingdom,2026-05-09 07:39:02,2026-06-02 05:12:21,Y
185,Jack,Bailey,jack.bailey@example.net,+44 7700 900675,Newcastle upon Tyne,Tyne and Wear,United Kingdom,2026-01-08 01:30:54,2026-01-20 15:14:00,Y
186,Isla,Murray,isla.murray186186@example.co.uk,0141 496 0392,Sunderland,Tyne and Wear,United Kingdom,2026-04-24 02:57:05,2026-05-04 22:06:09,Y
187,Henry,Edwards,henry.edwards187@example.org.uk,01632 964099,Derby,Derbyshire,United Kingdom,2026-06-09 20:37:35,2026-07-02 07:02:13,Y
188,Evie,Rees,evie.rees@example.co.uk,01632 969860,Maidstone,Kent,United Kingdom,2026-04-27 16:38:27,2026-05-01 14:46:21,Y
189,Callum,Richards,crichards@example.co.uk,+44 7700 900977,Stoke-on-Trent,Staffordshire,United Kingdom,2026-05-22 23:55:13,2026-06-05 14:51:27,Y
190,Henry,Harris,henryh13@example.co.uk,+44 7700 900161,Newry,County Down,United Kingdom,2026-04-27 12:26:46,2026-04-30 22:54:06,Y
191,Elliot,Kelly,elliot.kelly@example.com,020 7946 0159,Southend-on-Sea,Essex,United Kingdom,2026-04-06 04:43:59,2026-04-21 06:49:52,Y
192,Rory,Jackson,roryj@example.co.uk,0141 496 0088,Brighton,East Sussex,United Kingdom,2026-04-21 03:47:47,2026-05-02 08:22:50,Y
193,Hannah,Martin,hannahm99@example.net,01632 963079,Winchester,Hampshire,United Kingdom,2026-05-24 17:21:42,2026-05-28 06:44:37,Y
194,Raj,Chapman,raj.chapman@example.co.uk,+44 7700 900798,Belfast,County Antrim,United Kingdom,2026-04-19 23:03:18,2026-05-09 08:25:24,Y
195,Leo,White,lwhite@example.co.uk,020 7946 0100,Birkenhead,Merseyside,United Kingdom,2026-02-24 04:42:30,2026-03-03 08:05:24,Y
196,Grace,Begum,graceb@example.co.uk,+44 7700 900056,Warrington,Cheshire,United Kingdom,2026-01-30 08:36:14,2026-02-24 22:30:49,N
197,Charlotte,Cook,ccook27@example.co.uk,01632 966317,Northampton,Northamptonshire,United Kingdom,2026-06-09 19:43:41,2026-06-26 20:22:40,Y
198,Joshua,Chowdhury,jchowdhury59@example.com,+44 7700 900986,Cheltenham,Gloucestershire,United Kingdom,2026-06-27 08:01:11,2026-07-06 06:49:30,Y
199,Carys,Ali,carys.ali19999@example.co.uk,0161 496 0204,Torquay,Devon,United Kingdom,2026-03-31 00:11:55,2026-04-04 18:54:20,Y
200,Bonnie,Clarke,bonnie.clarke200@example.co.uk,020 7946 0555,Inverness,Highland,United Kingdom,2026-06-12 00:05:47,2026-06-28 06:30:13,Y
201,Archie,Clark,aclark@example.co.uk,020 7946 0796,Watford,Hertfordshire,United Kingdom,2026-02-10 11:19:46,2026-02-21 05:57:51,Y
202,Millie,Clark,mclark25@example.co.uk,01632 969474,Stockport,Greater Manchester,United Kingdom,2026-02-09 05:48:39,2026-02-11 02:53:56,Y
203,Ewan,Johnson,ewan.johnson@example.org.uk,+44 7700 900767,Chester,Cheshire,United Kingdom,2026-04-19 15:38:28,2026-05-02 23:52:16,Y
204,Max,King,max.king@example.co.uk,01632 968370,Stoke-on-Trent,Staffordshire,United Kingdom,2026-03-30 13:07:18,2026-04-21 10:44:49,Y
205,Hannah,Walker,hannah.walker@example.net,020 7946 0098,Lisburn,County Antrim,United Kingdom,2026-03-20 01:14:25,2026-04-08 02:14:38,Y
206,Aisha,Lewis,aishal@example.co.uk,+44 7700 900798,Bracknell,Berkshire,United Kingdom,2026-02-24 04:48:16,2026-03-05 14:55:16,Y
207,Millie,Marshall,millie.marshall@example.co.uk,+44 7700 900422,Belfast,County Antrim,United Kingdom,2026-04-21 05:08:24,2026-05-09 03:22:56,Y
208,Aisha,Phillips,aishap@example.co.uk,0141 496 0743,York,North Yorkshire,United Kingdom,2026-06-21 11:04:25,2026-07-19 10:06:52,Y
209,Sophia,Powell,sophiap@example.org.uk,+44 7700 900732,Luton,Bedfordshire,United Kingdom,2026-01-20 10:36:27,2026-02-07 23:22:07,Y
210,Henry,Owen,henry.owen16210@example.com,+44 7700 900547,Inverness,Highland,United Kingdom,2026-01-30 12:01:20,2026-02-05 07:31:13,Y
211,Abigail,Owen,abigailo@example.com,+44 7700 900024,Basingstoke,Hampshire,United Kingdom,2026-04-03 02:27:54,2026-04-06 09:55:31,Y
212,Joshua,O'Brien,jobrien@example.net,01632 967327,Maidstone,Kent,United Kingdom,2026-01-21 12:55:19,2026-02-13 23:09:40,Y
213,Chloe,Cooper,chloe.cooper213@example.com,+44 7700 900513,Basingstoke,Hampshire,United Kingdom,2026-01-20 16:40:07,2026-02-06 08:53:04,Y
214,Ben,Wilson,benw@example.net,020 7946 0208,Guildford,Surrey,United Kingdom,2026-03-31 23:52:41,2026-04-27 04:07:47,Y
215,Mia,Turner,miat70@example.co.uk,+44 7700 900135,Reading,Berkshire,United Kingdom,2026-02-20 05:38:09,2026-03-17 01:42:20,N
216,Elsie,Campbell,ecampbell@example.org.uk,+44 7700 900587,Oldham,Greater Manchester,United Kingdom,2026-06-10 15:29:48,2026-06-29 09:58:31,Y
217,Noah,Shaw,noahs@example.co.uk,+44 7700 900093,Swindon,Wiltshire,United Kingdom,2026-05-25 20:40:39,2026-06-05 17:00:48,Y
218,Sam,Hill,sam.hill21845@example.com,020 7946 0363,Harrogate,North Yorkshire,United Kingdom,2026-05-01 14:40:19,2026-05-26 23:17:22,Y
219,Katie,Miller,katiem58219@example.com,+44 7700 900349,Lancaster,Lancashire,United Kingdom,2026-01-19 09:29:28,2026-01-20 10:53:21,Y
220,Elsie,Cook,elsie.cook220@example.co.uk,01632 965326,Watford,Hertfordshire,United Kingdom,2026-06-15 02:39:38,2026-07-01 15:09:15,Y
221,Raj,Roberts,raj.roberts18@example.co.uk,+44 7700 900624,Swindon,Wiltshire,United Kingdom,2026-01-11 14:58:51,2026-01-30 11:11:11,Y
222,Rhys,Newman,rhys.newman222@example.com,+44 7700 900268,Gloucester,Gloucestershire,United Kingdom,2026-05-09 04:03:28,2026-05-12 14:48:33,Y
223,Maisie,Hall,maisieh@example.co.uk,0161 496 0619,Gateshead,Tyne and Wear,United Kingdom,2026-02-14 01:15:45,2026-02-28 15:49:18,Y
224,Rhys,Wood,rhys.wood98224@example.co.uk,+44 7700 900430,Belfast,County Antrim,United Kingdom,2026-04-04 11:58:18,2026-04-17 01:47:39,Y
225,Rory,Mason,rorym38@example.org.uk,+44 7700 900936,Chelmsford,Essex,United Kingdom,2026-01-14 20:41:21,2026-01-17 06:47:56,Y
226,Callum,Bell,cbell@example.org.uk,01632 968999,Paisley,Renfrewshire,United Kingdom,2026-03-14 08:46:54,2026-04-05 04:42:03,Y
227,Henry,Palmer,henry.palmer227227@example.co.uk,01632 965341,Norwich,Norfolk,United Kingdom,2026-05-30 21:09:58,2026-06-11 06:51:42,Y
228,Leo,Thompson,lthompson@example.co.uk,0114 496 0678,Wrexham,Clwyd,United Kingdom,2026-02-03 19:45:05,2026-02-13 13:09:46,Y
229,Henry,Brown,henry.brown22945@example.co.uk,+44 7700 900897,Exeter,Devon,United Kingdom,2026-02-02 21:44:53,2026-03-05 21:28:51,Y
230,Finley,Harrison,finley.harrison230@example.co.uk,+44 7700 900000,Swindon,Wiltshire,United Kingdom,2026-06-15 21:27:32,2026-06-26 21:50:51,Y
231,Reggie,Wood,reggie.wood@example.co.uk,+44 7700 900959,Guildford,Surrey,United Kingdom,2026-02-24 10:49:31,2026-03-02 17:57:40,Y
232,Niamh,Dixon,niamh.dixon@example.co.uk,+44 7700 900808,Maidstone,Kent,United Kingdom,2026-01-26 16:49:34,2026-02-22 16:46:07,Y
233,Katie,Brown,katie.brown60233@example.org.uk,+44 7700 900196,Merthyr Tydfil,Mid Glamorgan,United Kingdom,2026-03-28 19:08:38,2026-04-09 23:18:49,Y
234,Evie,Murray,evie.murray69@example.co.uk,+44 7700 900640,Great Yarmouth,Norfolk,United Kingdom,2026-06-09 05:46:28,2026-06-10 19:10:11,Y
235,Rhys,Hussain,rhussain@example.org.uk,020 7946 0641,Blackburn,Lancashire,United Kingdom,2026-04-24 19:18:48,2026-05-18 09:33:22,Y
236,Conor,Dixon,conor.dixon23625@example.co.uk,+44 7700 900813,Banbury,Oxfordshire,United Kingdom,2026-05-01 06:23:43,2026-06-01 00:52:12,Y
237,Aoife,King,aoife.king@example.co.uk,+44 7700 900453,Rotherham,South Yorkshire,United Kingdom,2026-04-08 16:33:26,2026-05-08 22:25:38,Y
238,Bonnie,Hall,bonnie.hall238238@example.co.uk,+44 7700 900935,Worthing,West Sussex,United Kingdom,2026-02-05 08:03:41,2026-02-20 19:39:40,Y
239,Daniel,Miller,daniel.miller88@example.co.uk,01632 962774,St Helens,Merseyside,United Kingdom,2026-05-13 03:18:05,2026-06-06 08:35:33,Y
240,Elsie,O'Brien,elsieo53240@example.com,020 7946 0048,Woking,Surrey,United Kingdom,2026-02-07 13:05:58,2026-02-15 04:02:20,Y
241,Ruby,Cook,ruby.cook241@example.co.uk,0114 496 0162,Mansfield,Nottinghamshire,United Kingdom,2026-04-17 01:25:32,2026-04-28 08:49:37,Y
242,Rory,White,rwhite46@example.com,01632 960655,Cheltenham,Gloucestershire,United Kingdom,2026-01-08 10:59:06,2026-02-04 09:40:27,Y
243,Anya,Hall,anya.hall@example.co.uk,020 7946 0657,Wakefield,West Yorkshire,United Kingdom,2026-02-05 01:18:58,2026-03-03 17:03:51,Y
244,Saoirse,Marshall,saoirsem54@example.co.uk,+44 7700 900791,Stockport,Greater Manchester,United Kingdom,2026-06-30 15:28:39,2026-06-30 17:29:55,Y
245,Adam,Marshall,adam.marshall245@example.co.uk,01632 965918,Cardiff,South Glamorgan,United Kingdom,2026-02-08 17:46:38,2026-02-25 06:54:27,Y
246,Leo,Harrison,leoh72@example.co.uk,+44 7700 900565,Doncaster,South Yorkshire,United Kingdom,2026-03-19 03:03:15,2026-04-01 23:53:54,Y
247,Oscar,Macdonald,omacdonald@example.co.uk,+44 7700 900875,Gateshead,Tyne and Wear,United Kingdom,2026-01-29 15:38:34,2026-01-30 12:11:10,Y
248,Oliver,Jackson,oliver.jackson46248@example.co.uk,+44 7700 900466,Plymouth,Devon,United Kingdom,2026-02-06 09:27:00,2026-02-25 20:42:36,Y
249,George,Bennett,gbennett64@example.co.uk,020 7946 0718,Dartford,Kent,United Kingdom,2026-06-20 21:05:33,2026-07-01 23:39:07,Y
250,Rory,Griffiths,roryg2@example.co.uk,01632 960628,Cheltenham,Gloucestershire,United Kingdom,2026-05-10 17:01:24,2026-06-07 08:04:04,Y
251,Aoife,Baker,aoife.baker69@example.co.uk,+44 7700 900431,Blackburn,Lancashire,United Kingdom,2026-04-06 08:47:01,2026-04-17 11:09:16,Y
252,Amelia,Webb,amelia.webb25293@example.org.uk,+44 7700 900415,Worcester,Worcestershire,United Kingdom,2026-06-10 03:49:37,2026-07-03 13:57:39,Y
253,Eilidh,Walker,eilidh.walker253@example.co.uk,029 496 0223,Warrington,Cheshire,United Kingdom,2026-03-28 20:11:53,2026-04-22 17:41:37,Y
254,Owen,Walker,owalker@example.net,+44 7700 900301,Paisley,Renfrewshire,United Kingdom,2026-02-16 04:04:45,2026-03-12 18:07:03,Y
255,Mia,Phillips,mia.phillips255@example.co.uk,+44 7700 900083,Stirling,Stirlingshire,United Kingdom,2026-02-21 01:20:59,2026-03-02 17:46:51,Y
256,Oliver,Powell,oliver.powell31256@example.co.uk,0141 496 0732,Kendal,Cumbria,United Kingdom,2026-03-06 01:48:41,2026-03-12 11:11:36,Y
257,Aisha,Kelly,akelly@example.co.uk,0151 496 0777,Ipswich,Suffolk,United Kingdom,2026-06-17 10:17:07,2026-07-12 21:45:03,Y
258,Jessica,White,jwhite@example.org.uk,+44 7700 900434,Preston,Lancashire,United Kingdom,2026-04-23 12:21:11,2026-05-09 10:52:34,Y
259,Willow,Foster,willowf259@example.org.uk,+44 7700 900570,Enfield,Greater London,United Kingdom,2026-05-13 08:51:05,2026-06-05 21:56:32,Y
260,Rosie,Knight,rosie.knight260@example.co.uk,01632 962253,Edinburgh,City of Edinburgh,United Kingdom,2026-02-16 17:18:20,2026-02-19 19:39:02,Y
261,Owen,Morris,omorris261@example.co.uk,+44 7700 900698,Dartford,Kent,United Kingdom,2026-04-25 19:45:27,2026-05-01 18:13:49,Y
262,Michael,Quinn,michael.quinn@example.com,+44 7700 900431,Leicester,Leicestershire,United Kingdom,2026-04-01 19:27:17,2026-04-21 20:31:59,Y
263,Bonnie,Jackson,bonnie.jackson87263@example.co.uk,+44 7700 900299,London,Greater London,United Kingdom,2026-04-04 16:51:47,2026-04-25 21:52:56,Y
264,Molly,Parker,mparker@example.com,+44 7700 900530,Loughborough,Leicestershire,United Kingdom,2026-06-23 14:02:08,2026-06-25 21:51:49,Y
265,Andrew,Marshall,andrew.marshall50@example.org.uk,+44 7700 900923,St Helens,Merseyside,United Kingdom,2026-04-09 18:02:38,2026-04-14 15:31:01,Y
266,Aoife,Smith,aoife.smith266@example.net,+44 7700 900261,Worthing,West Sussex,United Kingdom,2026-01-20 18:08:33,2026-02-01 06:29:14,Y
267,Rosie,Powell,rpowell47@example.co.uk,020 7946 0551,Lancaster,Lancashire,United Kingdom,2026-01-30 00:47:11,2026-02-14 17:12:09,Y
268,Daisy,Davies,ddavies90@example.org.uk,+44 7700 900113,Oldham,Greater Manchester,United Kingdom,2026-03-09 08:45:28,2026-03-16 04:04:12,Y
269,Andrew,Hughes,andrewh269@example.co.uk,01632 969721,Worcester,Worcestershire,United Kingdom,2026-05-06 06:07:08,2026-06-02 08:35:19,Y
270,Finley,Doyle,finley.doyle270@example.org.uk,01632 962729,Salisbury,Wiltshire,United Kingdom,2026-04-24 02:51:43,2026-05-24 13:34:05,Y
271,Isla,Lee,islal@example.org.uk,0161 496 0645,Livingston,West Lothian,United Kingdom,2026-05-21 17:18:57,2026-05-30 23:04:42,Y
272,Theo,Williams,theow272@example.co.uk,+44 7700 900230,Bangor,Gwynedd,United Kingdom,2026-06-13 05:50:23,2026-06-29 12:57:35,Y
273,Amelia,Parker,amelia.parker273@example.com,+44 7700 900032,Romford,Greater London,United Kingdom,2026-03-02 15:01:23,2026-03-20 09:24:52,Y
274,Olivia,Chowdhury,ochowdhury@example.com,01632 964355,Merthyr Tydfil,Mid Glamorgan,United Kingdom,2026-05-22 04:39:56,2026-05-24 06:59:21,N
275,Jacob,King,jacob.king275@example.co.uk,+44 7700 900519,Guildford,Surrey,United Kingdom,2026-05-03 16:26:49,2026-05-17 10:30:57,N
276,Aisha,Jackson,aishaj@example.co.uk,+44 7700 900691,Liverpool,Merseyside,United Kingdom,2026-06-14 02:28:29,2026-07-05 18:50:37,Y
277,Mohammed,Graham,mohammedg277@example.co.uk,+44 7700 900873,Bangor,Gwynedd,United Kingdom,2026-05-22 20:37:11,2026-06-16 01:04:43,Y
278,Grace,Rees,gracer30@example.co.uk,+44 7700 900812,Newport,Gwent,United Kingdom,2026-01-15 03:33:09,2026-01-24 08:43:29,Y
279,Conor,Moore,conorm@example.co.uk,+44 7700 900346,Crawley,West Sussex,United Kingdom,2026-02-27 11:33:57,2026-03-08 13:50:09,Y
280,Poppy,Bell,pbell@example.org.uk,+44 7700 900503,Cardiff,South Glamorgan,United Kingdom,2026-05-22 08:08:40,2026-06-01 03:42:45,Y
281,Harper,Palmer,hpalmer81@example.org.uk,0161 496 0391,Doncaster,South Yorkshire,United Kingdom,2026-02-13 18:37:09,2026-02-19 16:16:55,Y
282,Mohammed,Baker,mohammed.baker28248@example.co.uk,+44 7700 900591,Brighton,East Sussex,United Kingdom,2026-03-28 18:02:52,2026-04-24 18:07:54,Y
283,Iona,Green,iona.green@example.org.uk,+44 7700 900639,Truro,Cornwall,United Kingdom,2026-05-28 08:41:13,2026-06-22 03:07:52,Y
284,Oscar,Graham,oscar.graham28428@example.co.uk,01632 964599,Lisburn,County Antrim,United Kingdom,2026-05-08 20:34:18,2026-05-29 06:04:33,Y
285,Raj,Ali,raj.ali285285@example.com,+44 7700 900950,Aberdeen,Aberdeen City,United Kingdom,2026-06-25 12:19:29,2026-06-28 10:22:39,Y
286,Toby,Evans,toby.evans@example.net,+44 7700 900175,Shrewsbury,Shropshire,United Kingdom,2026-05-04 14:13:21,2026-05-23 18:34:16,Y
287,Elliot,Hughes,elliot.hughes77@example.co.uk,020 7946 0244,Birmingham,West Midlands,United Kingdom,2026-03-30 12:08:48,2026-04-11 04:43:54,Y
288,Freddie,Hussain,fhussain288@example.org.uk,020 7946 0669,Hastings,East Sussex,United Kingdom,2026-04-30 03:17:28,2026-05-07 07:23:31,Y
289,Arjun,Fraser,arjun.fraser39@example.net,020 7946 0494,Merthyr Tydfil,Mid Glamorgan,United Kingdom,2026-04-09 19:26:15,2026-05-10 01:18:35,Y
290,Michael,Ward,michael.ward290290@example.co.uk,+44 7700 900094,Derby,Derbyshire,United Kingdom,2026-03-22 06:48:10,2026-04-06 23:17:41,Y
291,Olivia,Macdonald,olivia.macdonald291@example.co.uk,+44 7700 900813,Bury St Edmunds,Suffolk,United Kingdom,2026-05-08 00:05:25,2026-05-24 14:20:38,Y
292,Max,Johnson,max.johnson76@example.co.uk,01632 968053,Sunderland,Tyne and Wear,United Kingdom,2026-01-13 01:18:31,2026-02-01 22:02:01,Y
293,Mohammed,Evans,mohammede@example.net,+44 7700 900797,Maidstone,Kent,United Kingdom,2026-01-03 03:27:08,2026-01-31 12:13:31,Y
294,Millie,Clark,millie.clark96294@example.net,0121 496 0185,Cardiff,South Glamorgan,United Kingdom,2026-04-04 01:25:03,2026-04-22 18:37:26,Y
295,Daniel,Taylor,daniel.taylor29563@example.co.uk,+44 7700 900126,Blackburn,Lancashire,United Kingdom,2026-01-19 12:32:28,2026-02-13 05:50:20,N
296,Anya,Hussain,anya.hussain296296@example.co.uk,+44 7700 900679,Bolton,Greater Manchester,United Kingdom,2026-06-24 19:07:08,2026-06-28 07:30:58,N
297,Bonnie,Wilson,bonnie.wilson60@example.co.uk,+44 7700 900680,Crewe,Cheshire,United Kingdom,2026-05-23 11:48:09,2026-05-30 07:20:34,Y
298,Zain,Shaw,zains298@example.net,+44 7700 900886,Chelmsford,Essex,United Kingdom,2026-01-12 01:08:45,2026-01-22 16:42:14,Y
299,Ryan,Doyle,ryan.doyle29925@example.co.uk,01632 964586,Paisley,Renfrewshire,United Kingdom,2026-05-12 04:20:59,2026-05-31 14:31:24,N
300,Aoife,James,aoife.james75@example.co.uk,01632 963926,Milton Keynes,Buckinghamshire,United Kingdom,2026-03-18 18:21:32,2026-04-14 10:56:03,Y
301,Luke,Kelly,lukek@example.com,+44 7700 900990,Birkenhead,Merseyside,United Kingdom,2026-03-18 15:52:01,2026-03-30 02:35:08,N
302,Raj,Robinson,raj.robinson302302@example.co.uk,020 7946 0949,Stockport,Greater Manchester,United Kingdom,2026-05-30 09:50:57,2026-06-23 08:30:58,Y
303,Aisha,Chowdhury,achowdhury40@example.co.uk,+44 7700 900882,Reading,Berkshire,United Kingdom,2026-03-09 20:50:49,2026-03-28 15:05:35,Y
304,Rory,Barker,rory.barker30415@example.co.uk,029 496 0123,Bradford,West Yorkshire,United Kingdom,2026-05-03 05:33:40,2026-05-27 01:23:33,Y
305,Iona,Khan,ionak8@example.com,01632 969053,London,Greater London,United Kingdom,2026-06-24 07:02:36,2026-07-25 05:09:48,Y
306,Zain,Hussain,zainh@example.com,+44 7700 900364,Preston,Lancashire,United Kingdom,2026-03-22 13:09:26,2026-04-13 19:35:58,Y
307,Luke,Taylor,ltaylor33@example.co.uk,0131 496 0576,London,Greater London,United Kingdom,2026-05-01 23:46:03,2026-05-24 04:19:16,Y
308,Ivy,Quinn,iquinn2@example.net,0131 496 0435,Huddersfield,West Yorkshire,United Kingdom,2026-06-19 15:33:24,2026-06-29 21:03:22,Y
309,Sophia,Watson,sophiaw@example.com,01632 969438,Doncaster,South Yorkshire,United Kingdom,2026-05-20 11:43:49,2026-06-17 11:27:30,Y
310,Ruby,Jackson,rubyj@example.co.uk,+44 7700 900512,Torquay,Devon,United Kingdom,2026-03-09 19:30:12,2026-04-09 02:47:47,Y
311,George,Patel,george.patel29311@example.com,+44 7700 900835,Stockport,Greater Manchester,United Kingdom,2026-03-18 09:45:13,2026-04-10 08:16:33,Y
312,Archie,Morgan,amorgan7@example.org.uk,+44 7700 900860,Bristol,Bristol,United Kingdom,2026-05-24 23:17:18,2026-05-28 18:00:52,Y
313,Andrew,Price,andrew.price31359@example.org.uk,0113 496 0345,St Albans,Hertfordshire,United Kingdom,2026-04-12 11:49:51,2026-04-16 20:52:09,N
314,Andrew,Robinson,andrew.robinson314@example.org.uk,+44 7700 900772,Croydon,Greater London,United Kingdom,2026-01-21 11:59:28,2026-02-10 20:46:58,Y
315,Lucy,Owen,lowen93315@example.co.uk,+44 7700 900227,Doncaster,South Yorkshire,United Kingdom,2026-05-18 08:59:35,2026-06-09 17:07:41,Y
316,Ewan,Marshall,emarshall70@example.net,+44 7700 900178,Blackburn,Lancashire,United Kingdom,2026-05-31 07:15:03,2026-06-21 23:29:43,Y
317,Jacob,Kelly,jacob.kelly@example.co.uk,0131 496 0456,Bournemouth,Dorset,United Kingdom,2026-01-26 13:21:45,2026-02-10 17:05:34,Y
318,Maisie,Reid,mreid84@example.co.uk,020 7946 0715,Middlesbrough,North Yorkshire,United Kingdom,2026-05-21 05:26:41,2026-06-19 20:57:22,Y
319,Ben,Morgan,benm80319@example.co.uk,01632 963417,Blackburn,Lancashire,United Kingdom,2026-03-15 10:18:41,2026-03-16 13:00:17,Y
320,Maisie,Knight,mknight@example.org.uk,+44 7700 900026,Doncaster,South Yorkshire,United Kingdom,2026-01-10 05:26:56,2026-02-05 11:26:54,Y
321,Noah,Grant,noah.grant321@example.com,+44 7700 900641,Bournemouth,Dorset,United Kingdom,2026-04-12 15:11:59,2026-05-06 01:08:01,Y
322,Raj,Watson,rwatson11322@example.co.uk,020 7946 0333,Birmingham,West Midlands,United Kingdom,2026-05-26 19:06:59,2026-06-06 04:36:40,Y
323,Molly,Hill,molly.hill323@example.co.uk,+44 7700 900305,Great Yarmouth,Norfolk,United Kingdom,2026-05-07 04:54:32,2026-05-21 13:07:23,Y
324,Olivia,Walker,oliviaw@example.org.uk,+44 7700 900214,Basingstoke,Hampshire,United Kingdom,2026-02-11 23:29:41,2026-02-20 21:40:41,Y
325,Sophie,Singh,sophie.singh325325@example.com,+44 7700 900753,Taunton,Somerset,United Kingdom,2026-03-17 18:43:48,2026-03-24 00:23:42,Y
326,Ella,Stewart,estewart326@example.net,+44 7700 900321,Blackpool,Lancashire,United Kingdom,2026-04-14 13:32:20,2026-04-17 02:14:26,Y
327,Aisha,Fletcher,aisha.fletcher79@example.com,+44 7700 900079,Birmingham,West Midlands,United Kingdom,2026-02-05 15:20:59,2026-02-12 15:37:23,Y
328,Ruby,Ward,ruby.ward@example.net,020 7946 0552,Liverpool,Merseyside,United Kingdom,2026-03-10 10:19:37,2026-04-03 04:19:53,Y
329,Fatima,Brown,fatima.brown@example.co.uk,01632 963273,Lisburn,County Antrim,United Kingdom,2026-06-27 07:03:42,2026-06-30 21:22:52,Y
330,Daisy,Sharma,daisy.sharma@example.org.uk,+44 7700 900717,Loughborough,Leicestershire,United Kingdom,2026-05-09 22:49:19,2026-06-01 02:30:17,Y
331,Andrew,Reid,andrew.reid331@example.net,+44 7700 900467,Hastings,East Sussex,United Kingdom,2026-04-05 19:14:14,2026-05-05 23:44:23,Y
332,Michael,Ross,mross@example.co.uk,0117 496 0113,Ayr,South Ayrshire,United Kingdom,2026-06-05 11:26:44,2026-06-23 03:15:18,Y
333,Sam,Green,sgreen46@example.com,0131 496 0605,Merthyr Tydfil,Mid Glamorgan,United Kingdom,2026-02-25 07:43:48,2026-03-16 10:17:16,Y
334,Theo,Murray,theo.murray334@example.com,01632 962286,Guildford,Surrey,United Kingdom,2026-04-03 02:58:36,2026-04-06 04:52:11,Y
335,Mohammed,Bennett,mohammedb33@example.co.uk,+44 7700 900440,Southampton,Hampshire,United Kingdom,2026-02-21 18:34:09,2026-02-27 05:28:42,Y
336,Zain,Patel,zain.patel336336@example.com,+44 7700 900771,Telford,Shropshire,United Kingdom,2026-06-24 06:45:37,2026-07-09 09:43:09,Y
337,Bethan,Hill,bethan.hill33741@example.com,020 7946 0348,Blackpool,Lancashire,United Kingdom,2026-01-15 14:08:32,2026-01-29 04:44:35,Y
338,Max,Jones,max.jones@example.org.uk,01632 969295,Blackburn,Lancashire,United Kingdom,2026-06-22 09:46:01,2026-07-04 18:38:01,Y
339,Arthur,Ali,aali@example.co.uk,+44 7700 900183,Southport,Merseyside,United Kingdom,2026-05-29 02:02:27,2026-06-10 00:07:01,N
340,Poppy,Phillips,pphillips35@example.net,+44 7700 900783,Dundee,Dundee City,United Kingdom,2026-01-18 15:02:18,2026-01-31 20:51:26,Y
341,Isla,Griffiths,isla.griffiths34199@example.co.uk,020 7946 0928,Wrexham,Clwyd,United Kingdom,2026-06-15 13:23:57,2026-06-28 04:19:55,Y
342,Conor,Moore,conorm93@example.co.uk,0114 496 0733,London,Greater London,United Kingdom,2026-04-07 02:43:42,2026-05-04 19:52:23,Y
343,Aisha,Fraser,afraser@example.co.uk,+44 7700 900840,Plymouth,Devon,United Kingdom,2026-01-31 05:34:25,2026-02-16 10:20:39,Y
344,Bonnie,Robinson,bonnie.robinson@example.co.uk,+44 7700 900006,Shrewsbury,Shropshire,United Kingdom,2026-01-06 09:29:43,2026-01-30 02:57:17,Y
345,Isla,Harrison,isla.harrison@example.co.uk,+44 7700 900285,Slough,Berkshire,United Kingdom,2026-02-28 07:29:22,2026-03-04 15:42:21,Y
346,Raj,Ward,rajw38@example.co.uk,+44 7700 900212,Glasgow,Glasgow City,United Kingdom,2026-01-29 01:51:42,2026-02-11 21:41:41,Y
347,Oliver,Chapman,oliver.chapman75@example.net,+44 7700 900126,Bangor,Gwynedd,United Kingdom,2026-01-05 07:13:04,2026-01-09 02:15:32,Y
348,Rosie,Kaur,rkaur348@example.co.uk,+44 7700 900314,Swindon,Wiltshire,United Kingdom,2026-06-30 01:15:47,2026-07-01 13:44:01,Y
349,Harper,Bell,harper.bell69349@example.co.uk,020 7946 0097,Salisbury,Wiltshire,United Kingdom,2026-01-15 04:32:18,2026-01-23 04:08:38,Y
350,Nancy,Owen,nowen@example.co.uk,+44 7700 900716,Gloucester,Gloucestershire,United Kingdom,2026-06-22 10:15:19,2026-07-20 14:57:52,Y
351,David,Hussain,david.hussain351@example.co.uk,0113 496 0413,Stockport,Greater Manchester,United Kingdom,2026-03-18 08:03:35,2026-04-18 03:00:22,Y
352,Hannah,Cooper,hannahc44@example.co.uk,+44 7700 900248,Harrogate,North Yorkshire,United Kingdom,2026-06-10 21:27:35,2026-06-25 22:50:16,Y
353,Priya,Gibson,priya.gibson353@example.co.uk,+44 7700 900522,Romford,Greater London,United Kingdom,2026-05-15 10:44:26,2026-05-28 15:03:50,Y
354,Ava,Davies,adavies7@example.co.uk,+44 7700 900831,Crewe,Cheshire,United Kingdom,2026-05-18 15:15:54,2026-05-26 01:10:39,Y
355,Chloe,Owen,cowen7355@example.co.uk,+44 7700 900605,Belfast,County Antrim,United Kingdom,2026-04-29 01:35:26,2026-05-29 15:10:59,Y
356,Aisha,Fraser,aisha.fraser356@example.org.uk,+44 7700 900345,Gloucester,Gloucestershire,United Kingdom,2026-03-04 08:13:21,2026-03-24 11:12:49,Y
357,Ivy,Smith,ismith@example.com,+44 7700 900476,Lisburn,County Antrim,United Kingdom,2026-01-24 17:46:53,2026-01-30 19:04:17,Y
358,Charlotte,Fletcher,charlotte.fletcher35835358@example.com,+44 7700 900669,Salisbury,Wiltshire,United Kingdom,2026-06-04 01:55:04,2026-06-10 20:41:46,Y
359,Freddie,Ward,fward14@example.co.uk,+44 7700 900607,Oldham,Greater Manchester,United Kingdom,2026-05-03 06:55:58,2026-05-13 16:53:58,Y
360,Ivy,Byrne,ivyb@example.co.uk,+44 7700 900138,Bedford,Bedfordshire,United Kingdom,2026-02-18 23:07:47,2026-03-15 15:06:02,Y
361,Joshua,Begum,joshuab60@example.net,01632 968792,Crawley,West Sussex,United Kingdom,2026-06-30 06:25:58,2026-07-07 23:46:47,Y
362,Eilidh,Morris,emorris362@example.com,+44 7700 900505,Maidstone,Kent,United Kingdom,2026-04-30 17:41:22,2026-05-10 02:04:54,Y
363,Hannah,Watson,hwatson@example.org.uk,0113 496 0958,Lincoln,Lincolnshire,United Kingdom,2026-04-30 03:51:46,2026-05-15 14:49:59,Y
364,Erin,Fletcher,efletcher@example.co.uk,+44 7700 900435,Gloucester,Gloucestershire,United Kingdom,2026-04-16 01:36:55,2026-04-24 00:45:56,Y
365,Evie,Barnes,evieb90@example.net,+44 7700 900031,Londonderry,County Londonderry,United Kingdom,2026-05-30 18:46:26,2026-06-08 22:58:47,Y
366,Daniel,Fletcher,daniel.fletcher366@example.co.uk,+44 7700 900026,Chelmsford,Essex,United Kingdom,2026-05-26 07:31:35,2026-06-16 04:52:51,Y
367,Mohammed,Owen,mowen@example.co.uk,+44 7700 900699,Crewe,Cheshire,United Kingdom,2026-05-06 23:41:47,2026-05-22 13:52:33,Y
368,Niamh,Holmes,nholmes@example.co.uk,+44 7700 900951,Merthyr Tydfil,Mid Glamorgan,United Kingdom,2026-02-13 04:46:34,2026-02-28 10:45:30,Y
369,Molly,Morris,mollym35369@example.com,+44 7700 900884,Winchester,Hampshire,United Kingdom,2026-06-14 01:33:02,2026-07-10 04:25:44,Y
370,Daisy,Kaur,daisy.kaur37055@example.co.uk,+44 7700 900878,Bristol,Bristol,United Kingdom,2026-01-02 13:08:53,2026-01-22 20:13:38,Y
371,Daisy,Fletcher,dfletcher371@example.co.uk,+44 7700 900290,Plymouth,Devon,United Kingdom,2026-02-25 16:29:23,2026-02-27 12:10:05,Y
372,Alfie,Martin,alfie.martin372@example.com,+44 7700 900177,Edinburgh,City of Edinburgh,United Kingdom,2026-05-04 21:31:01,2026-05-05 15:06:27,Y
373,Olivia,Turner,oliviat373@example.com,0151 496 0993,Portsmouth,Hampshire,United Kingdom,2026-05-16 23:17:34,2026-05-25 23:50:26,Y
374,Anya,Wright,anya.wright374374@example.net,+44 7700 900447,Gloucester,Gloucestershire,United Kingdom,2026-04-21 05:06:58,2026-04-24 21:16:13,Y
375,Eilidh,Hall,eilidh.hall49@example.co.uk,+44 7700 900244,Croydon,Greater London,United Kingdom,2026-05-15 08:52:22,2026-05-23 20:57:45,N
376,Mia,Knight,mknight376@example.com,+44 7700 900039,Stirling,Stirlingshire,United Kingdom,2026-04-28 18:15:44,2026-05-06 03:59:36,Y
377,Ella,Hughes,ella.hughes37796377@example.co.uk,+44 7700 900545,Truro,Cornwall,United Kingdom,2026-06-17 20:48:02,2026-06-20 09:12:26,Y
378,Luke,Hall,luke.hall378378@example.org.uk,+44 7700 900448,Chester,Cheshire,United Kingdom,2026-01-15 20:00:44,2026-01-20 22:32:38,Y
379,Oscar,Jackson,oscar.jackson379@example.org.uk,01632 965397,Cardiff,South Glamorgan,United Kingdom,2026-03-26 18:54:06,2026-04-24 11:52:08,Y
380,Zara,Hill,zara.hill7@example.co.uk,+44 7700 900289,St Albans,Hertfordshire,United Kingdom,2026-06-27 18:30:17,2026-06-28 21:14:16,Y
381,Ethan,Morgan,emorgan26@example.org.uk,+44 7700 900420,Basingstoke,Hampshire,United Kingdom,2026-05-20 18:42:02,2026-05-26 04:43:15,Y
382,Oliver,Jackson,oliver.jackson382@example.net,020 7946 0547,Woking,Surrey,United Kingdom,2026-04-12 02:19:10,2026-04-30 09:56:03,Y
383,Eilidh,Knight,eilidh.knight@example.co.uk,+44 7700 900496,Telford,Shropshire,United Kingdom,2026-06-23 17:21:24,2026-07-18 16:30:14,N
384,Mia,Martin,miam384@example.org.uk,0191 496 0708,Truro,Cornwall,United Kingdom,2026-01-21 16:47:22,2026-01-22 20:14:36,Y
385,Bethan,Morgan,bethan.morgan@example.org.uk,01632 961125,Telford,Shropshire,United Kingdom,2026-03-29 19:49:39,2026-04-29 15:15:28,Y
386,Alfie,Rees,alfie.rees38643@example.com,+44 7700 900425,York,North Yorkshire,United Kingdom,2026-06-12 08:50:28,2026-06-27 16:13:03,Y
387,Ivy,Owen,ivy.owen@example.co.uk,+44 7700 900209,Portsmouth,Hampshire,United Kingdom,2026-04-21 05:43:37,2026-05-12 17:49:26,Y
388,Raj,Palmer,rpalmer@example.co.uk,020 7946 0778,Huddersfield,West Yorkshire,United Kingdom,2026-03-05 22:04:05,2026-03-14 02:28:50,Y
389,Grace,Watson,gracew@example.co.uk,020 7946 0312,Peterborough,Cambridgeshire,United Kingdom,2026-02-09 23:24:20,2026-02-21 02:29:20,Y
390,Nathan,James,nathanj64@example.net,0114 496 0737,Winchester,Hampshire,United Kingdom,2026-04-24 11:48:17,2026-04-27 15:53:28,Y
391,Michael,Wright,mwright61391@example.co.uk,020 7946 0547,Birmingham,West Midlands,United Kingdom,2026-05-23 17:32:26,2026-05-26 17:37:48,Y
392,Ewan,Wilson,ewan.wilson@example.net,+44 7700 900692,Solihull,West Midlands,United Kingdom,2026-06-02 19:50:20,2026-06-30 07:50:38,Y
393,Max,Sharma,max.sharma393@example.org.uk,+44 7700 900291,Liverpool,Merseyside,United Kingdom,2026-01-22 23:57:35,2026-02-20 07:34:08,Y
394,Amelia,Turner,amelia.turner@example.co.uk,020 7946 0150,Harrogate,North Yorkshire,United Kingdom,2026-04-08 05:08:17,2026-04-17 13:39:26,Y
395,Maisie,Webb,mwebb@example.co.uk,01632 964693,Sheffield,South Yorkshire,United Kingdom,2026-04-22 08:26:19,2026-05-07 10:49:35,Y
396,Reggie,Webb,reggiew396@example.co.uk,01632 963597,Oxford,Oxfordshire,United Kingdom,2026-06-10 15:38:39,2026-06-17 05:44:47,Y
397,Willow,Lewis,wlewis@example.org.uk,0131 496 0970,Birmingham,West Midlands,United Kingdom,2026-04-12 10:53:39,2026-04-24 21:22:00,Y
398,James,Price,jamesp74@example.com,020 7946 0089,Bangor,Gwynedd,United Kingdom,2026-06-16 19:08:19,2026-06-27 14:52:31,Y
399,Emily,Evans,eevans@example.org.uk,020 7946 0631,Exeter,Devon,United Kingdom,2026-02-15 12:20:18,2026-03-11 11:00:49,N
400,Owen,Hill,ohill58400@example.co.uk,+44 7700 900598,Perth,Perth and Kinross,United Kingdom,2026-03-04 10:24:17,2026-03-30 22:47:24,Y
401,Bonnie,Quinn,bonnieq46@example.co.uk,029 496 0029,Nottingham,Nottinghamshire,United Kingdom,2026-02-21 18:34:11,2026-03-15 11:35:57,Y
402,Ethan,Singh,ethan.singh40245@example.net,01632 960882,Reading,Berkshire,United Kingdom,2026-02-23 14:51:18,2026-03-22 12:56:10,Y
403,Ryan,Owen,ryano75@example.co.uk,+44 7700 900074,Loughborough,Leicestershire,United Kingdom,2026-04-15 21:31:08,2026-05-06 06:46:24,Y
404,Ethan,Reid,ereid@example.co.uk,01632 962105,Worthing,West Sussex,United Kingdom,2026-04-19 12:04:28,2026-05-09 03:41:53,Y
405,Freddie,Shaw,freddies405@example.net,+44 7700 900085,Lisburn,County Antrim,United Kingdom,2026-06-27 13:34:02,2026-07-23 01:18:59,Y
406,Iona,Ward,iona.ward406@example.net,+44 7700 900648,Eastbourne,East Sussex,United Kingdom,2026-06-02 20:58:05,2026-06-06 04:40:47,Y
407,Rory,Webb,rwebb48@example.net,01632 960019,Edinburgh,City of Edinburgh,United Kingdom,2026-06-15 19:02:36,2026-07-06 16:44:01,N
408,Andrew,Stewart,andrew.stewart408408@example.net,0151 496 0151,Swindon,Wiltshire,United Kingdom,2026-03-26 13:06:00,2026-03-29 21:20:32,Y
409,Sophia,Barker,sophia.barker15@example.com,+44 7700 900418,Luton,Bedfordshire,United Kingdom,2026-05-23 18:44:36,2026-05-31 09:08:01,Y
410,Max,Martin,max.martin41043@example.org.uk,+44 7700 900825,Glasgow,Glasgow City,United Kingdom,2026-06-23 18:44:32,2026-06-28 05:46:02,Y
411,Emily,Parker,emily.parker41189@example.co.uk,020 7946 0482,Poole,Dorset,United Kingdom,2026-04-17 02:07:53,2026-05-18 01:17:15,Y
412,Michael,Patel,michael.patel41282@example.co.uk,+44 7700 900311,Crewe,Cheshire,United Kingdom,2026-04-27 06:33:30,2026-05-08 21:39:58,Y
413,Rosie,Harris,rharris@example.co.uk,01632 961281,Barnsley,South Yorkshire,United Kingdom,2026-04-26 10:04:19,2026-04-28 08:11:20,Y
414,Niamh,Robinson,niamhr@example.co.uk,020 7946 0683,Cheltenham,Gloucestershire,United Kingdom,2026-06-15 03:43:51,2026-06-21 02:59:24,Y
415,Zara,Knight,zara.knight41512415@example.co.uk,+44 7700 900383,London,Greater London,United Kingdom,2026-02-10 10:35:27,2026-03-13 00:50:18,Y
416,Fatima,Hall,fatimah57@example.com,01632 967551,Winchester,Hampshire,United Kingdom,2026-02-17 05:40:42,2026-03-02 17:42:29,Y
417,Conor,Fraser,conorf17@example.org.uk,0141 496 0217,Canterbury,Kent,United Kingdom,2026-02-20 14:37:27,2026-03-04 15:22:40,Y
418,Iona,Robinson,irobinson@example.co.uk,0115 496 0247,Bath,Somerset,United Kingdom,2026-06-30 02:36:06,2026-07-25 19:47:29,Y
419,Henry,Bell,henry.bell@example.net,+44 7700 900144,Wakefield,West Yorkshire,United Kingdom,2026-04-28 03:16:42,2026-05-25 18:50:22,Y
420,Anya,Kelly,anya.kelly42090420@example.co.uk,0131 496 0502,Southampton,Hampshire,United Kingdom,2026-04-10 19:25:37,2026-04-14 06:48:31,Y
421,Rhys,White,rhys.white421421@example.net,+44 7700 900217,Wakefield,West Yorkshire,United Kingdom,2026-02-14 21:45:51,2026-02-24 17:22:56,Y
422,Carys,Cooper,carys.cooper@example.org.uk,01632 962943,Middlesbrough,North Yorkshire,United Kingdom,2026-03-22 03:15:19,2026-03-25 08:39:03,Y
423,Nancy,Jackson,njackson42423@example.co.uk,+44 7700 900058,Cheltenham,Gloucestershire,United Kingdom,2026-04-10 13:38:08,2026-04-29 02:05:19,Y
424,Oscar,Ross,oross@example.co.uk,0115 496 0836,Manchester,Greater Manchester,United Kingdom,2026-05-18 22:58:41,2026-06-17 04:33:51,Y
425,Fatima,Lewis,fatima.lewis32@example.co.uk,+44 7700 900821,Winchester,Hampshire,United Kingdom,2026-02-05 05:20:53,2026-02-20 00:24:48,Y
426,Archie,Dixon,archie.dixon426@example.co.uk,020 7946 0266,St Albans,Hertfordshire,United Kingdom,2026-01-03 15:08:12,2026-01-30 03:43:44,Y
427,Isla,Quinn,isla.quinn427@example.co.uk,0191 496 0115,Colchester,Essex,United Kingdom,2026-04-15 21:31:26,2026-05-08 12:02:36,Y
428,Fatima,Lewis,fatima.lewis42842@example.net,+44 7700 900261,Cheltenham,Gloucestershire,United Kingdom,2026-01-08 07:18:02,2026-01-16 14:52:20,Y
429,Rory,Williams,rwilliams@example.net,020 7946 0492,Wolverhampton,West Midlands,United Kingdom,2026-04-28 18:47:49,2026-05-23 10:23:21,Y
430,Erin,Holmes,eholmes4@example.com,01632 968284,Stirling,Stirlingshire,United Kingdom,2026-01-30 08:49:34,2026-02-25 20:24:26,Y
431,Charlie,Green,charlie.green56@example.net,+44 7700 900567,Dundee,Dundee City,United Kingdom,2026-04-23 17:13:27,2026-04-27 17:07:08,Y
432,Fatima,Foster,ffoster33432@example.co.uk,+44 7700 900695,Oldham,Greater Manchester,United Kingdom,2026-03-18 01:28:16,2026-03-29 03:57:11,N
433,Mia,Baker,miab16@example.com,+44 7700 900388,Exeter,Devon,United Kingdom,2026-03-02 06:51:47,2026-03-21 05:14:42,Y
434,Oscar,Murphy,oscar.murphy43462@example.co.uk,020 7946 0397,Livingston,West Lothian,United Kingdom,2026-06-11 13:10:39,2026-06-15 20:02:52,Y
435,Katie,Doyle,kdoyle89435@example.org.uk,+44 7700 900856,Wakefield,West Yorkshire,United Kingdom,2026-05-26 11:34:17,2026-06-15 04:44:37,N
436,Florence,Evans,florence.evans436@example.co.uk,+44 7700 900293,Chester,Cheshire,United Kingdom,2026-03-16 09:36:17,2026-04-16 02:34:00,Y
437,Bonnie,Green,bonnie.green437@example.co.uk,01632 966672,Nottingham,Nottinghamshire,United Kingdom,2026-02-04 13:58:03,2026-02-13 10:06:47,Y
438,Lily,Evans,levans55@example.co.uk,+44 7700 900261,Croydon,Greater London,United Kingdom,2026-03-05 04:45:20,2026-03-31 12:34:13,Y
439,Zara,White,zara.white42@example.com,+44 7700 900783,Ipswich,Suffolk,United Kingdom,2026-05-06 04:36:40,2026-05-15 01:03:04,Y
440,Bethan,Wright,bethan.wright440@example.org.uk,+44 7700 900819,Swansea,West Glamorgan,United Kingdom,2026-06-12 02:25:32,2026-07-05 11:10:31,Y
441,Harry,Barnes,harry.barnes13@example.com,+44 7700 900343,Newport,Gwent,United Kingdom,2026-04-27 15:20:37,2026-04-28 14:26:23,N
442,Sam,Harris,samh56@example.co.uk,+44 7700 900033,Peterborough,Cambridgeshire,United Kingdom,2026-06-12 21:44:22,2026-07-10 00:34:56,Y
443,Jessica,O'Brien,jessica.obrien44318@example.com,+44 7700 900106,Sheffield,South Yorkshire,United Kingdom,2026-04-20 06:31:17,2026-04-30 15:52:52,Y
444,Ava,Griffiths,ava.griffiths44468@example.co.uk,+44 7700 900220,Kendal,Cumbria,United Kingdom,2026-05-25 15:50:21,2026-06-23 13:38:24,Y
445,Henry,Edwards,henry.edwards445@example.com,01632 967837,Basildon,Essex,United Kingdom,2026-06-10 14:01:07,2026-07-09 19:29:36,Y
446,Abigail,Green,abigail.green44640@example.co.uk,+44 7700 900766,Bath,Somerset,United Kingdom,2026-04-20 06:44:58,2026-04-25 03:04:08,Y
447,Daisy,Chowdhury,daisy.chowdhury447@example.net,0113 496 0568,Croydon,Greater London,United Kingdom,2026-03-12 02:41:23,2026-03-20 05:05:05,Y
448,Noah,Kelly,nkelly@example.net,029 496 0385,Bury St Edmunds,Suffolk,United Kingdom,2026-02-12 01:25:40,2026-02-22 01:10:28,Y
449,Rosie,Sharma,rsharma@example.com,+44 7700 900117,Barnsley,South Yorkshire,United Kingdom,2026-06-17 02:45:06,2026-06-17 09:15:10,Y
450,Fatima,Reid,fatimar@example.co.uk,01632 960863,Norwich,Norfolk,United Kingdom,2026-02-27 16:43:28,2026-02-27 17:27:49,Y
451,Harper,Kelly,harper.kelly45140@example.net,+44 7700 900081,Crawley,West Sussex,United Kingdom,2026-04-19 22:08:30,2026-04-22 05:32:35,Y
452,Eilidh,Smith,esmith42452@example.net,+44 7700 900939,Milton Keynes,Buckinghamshire,United Kingdom,2026-01-27 03:20:23,2026-02-24 12:28:47,Y
453,Charlie,Murray,charlie.murray453@example.net,+44 7700 900580,Bracknell,Berkshire,United Kingdom,2026-02-04 20:43:09,2026-02-07 13:19:09,Y
454,Lily,Martin,lily.martin45441454@example.co.uk,+44 7700 900282,Leicester,Leicestershire,United Kingdom,2026-02-12 14:22:46,2026-02-19 11:09:55,Y
455,Adam,Hunt,adam.hunt455@example.com,020 7946 0602,Bolton,Greater Manchester,United Kingdom,2026-06-07 21:28:55,2026-06-14 00:26:01,Y
456,Amelia,Wright,ameliaw@example.net,+44 7700 900068,Harrogate,North Yorkshire,United Kingdom,2026-02-01 18:46:24,2026-02-13 08:07:14,Y
457,Raj,Holmes,raj.holmes@example.org.uk,0117 496 0065,Blackpool,Lancashire,United Kingdom,2026-03-12 20:05:15,2026-03-30 15:44:01,Y
458,Zara,Evans,zara.evans@example.com,+44 7700 900104,Peterborough,Cambridgeshire,United Kingdom,2026-06-26 00:54:54,2026-07-17 10:08:27,Y
459,Nathan,White,nwhite@example.co.uk,0115 496 0657,Plymouth,Devon,United Kingdom,2026-02-18 23:25:18,2026-03-11 01:16:15,Y
460,Aoife,Chapman,aoife.chapman@example.co.uk,+44 7700 900258,Southend-on-Sea,Essex,United Kingdom,2026-03-03 15:24:07,2026-03-11 07:04:45,Y
461,Archie,Smith,archie.smith@example.co.uk,0151 496 0284,Bangor,County Down,United Kingdom,2026-01-04 11:59:20,2026-01-09 00:55:13,Y
462,Liam,Quinn,liamq462@example.net,+44 7700 900411,Reading,Berkshire,United Kingdom,2026-04-04 17:43:11,2026-04-29 09:32:15,Y
463,Hannah,Barnes,hannah.barnes78463@example.co.uk,+44 7700 900364,Poole,Dorset,United Kingdom,2026-01-18 00:16:13,2026-01-19 02:06:38,Y
464,Bethan,Edwards,bedwards@example.co.uk,0117 496 0865,Liverpool,Merseyside,United Kingdom,2026-06-10 22:32:49,2026-06-24 12:17:14,Y
465,Florence,Ahmed,florence.ahmed46559@example.com,+44 7700 900196,Winchester,Hampshire,United Kingdom,2026-05-18 17:39:09,2026-05-26 19:58:14,Y
466,Alfie,Campbell,alfie.campbell46643@example.co.uk,+44 7700 900184,Salisbury,Wiltshire,United Kingdom,2026-02-22 04:34:20,2026-03-06 23:15:08,Y
467,Oscar,Marshall,omarshall467@example.net,+44 7700 900840,Brighton,East Sussex,United Kingdom,2026-06-24 20:04:19,2026-07-17 09:51:13,Y
468,Amelia,Patel,ameliap45@example.co.uk,0115 496 0710,Leicester,Leicestershire,United Kingdom,2026-03-04 02:59:27,2026-03-07 17:39:05,Y
469,Jessica,Roberts,jessica.roberts46961@example.com,+44 7700 900426,Worcester,Worcestershire,United Kingdom,2026-06-20 23:42:47,2026-06-26 02:43:32,Y
470,Aisha,Grant,agrant98@example.co.uk,+44 7700 900092,Cheltenham,Gloucestershire,United Kingdom,2026-01-03 05:31:22,2026-01-19 22:22:14,Y
471,Charlie,Cook,charlie.cook47162@example.co.uk,020 7946 0421,Sunderland,Tyne and Wear,United Kingdom,2026-02-12 11:08:47,2026-03-08 19:55:43,Y
472,Carys,Watson,cwatson2@example.co.uk,+44 7700 900203,Northampton,Northamptonshire,United Kingdom,2026-01-08 10:51:27,2026-01-17 02:55:43,Y
473,Thomas,Ward,thomas.ward@example.org.uk,+44 7700 900366,Bolton,Greater Manchester,United Kingdom,2026-05-28 20:04:31,2026-06-12 12:27:34,Y
474,Max,Barker,max.barker47453@example.co.uk,+44 7700 900527,Colchester,Essex,United Kingdom,2026-05-26 05:23:10,2026-06-03 09:20:46,Y
475,Conor,Singh,conor.singh13@example.co.uk,01632 967430,London,Greater London,United Kingdom,2026-01-30 07:47:32,2026-01-30 09:42:27,Y
476,Reggie,Ali,rali38@example.com,+44 7700 900999,Taunton,Somerset,United Kingdom,2026-01-12 15:23:24,2026-02-10 19:35:23,N
477,Reggie,Marshall,reggiem@example.com,+44 7700 900054,Taunton,Somerset,United Kingdom,2026-01-10 17:51:58,2026-02-02 17:33:24,Y
478,Abigail,Bennett,abennett478@example.org.uk,020 7946 0108,Wakefield,West Yorkshire,United Kingdom,2026-03-05 13:58:46,2026-03-15 22:50:50,Y
479,Jack,Bennett,jackb97@example.co.uk,+44 7700 900234,Basingstoke,Hampshire,United Kingdom,2026-01-31 16:43:57,2026-02-01 21:58:48,Y
480,Luke,Doyle,luke.doyle480@example.net,+44 7700 900280,London,Greater London,United Kingdom,2026-01-12 12:04:56,2026-01-26 21:54:50,Y
481,Florence,Quinn,florence.quinn48130@example.net,0151 496 0628,Lincoln,Lincolnshire,United Kingdom,2026-01-23 17:29:00,2026-02-03 23:47:36,Y
482,Willow,Chapman,willow.chapman@example.org.uk,020 7946 0206,Plymouth,Devon,United Kingdom,2026-06-09 07:29:23,2026-06-27 23:19:12,Y
483,Jessica,Bell,jessica.bell@example.co.uk,020 7946 0989,Reading,Berkshire,United Kingdom,2026-05-20 07:09:00,2026-06-18 20:10:14,Y
484,Theo,Macdonald,theo.macdonald@example.co.uk,+44 7700 900827,Croydon,Greater London,United Kingdom,2026-06-12 22:56:00,2026-07-13 08:56:48,Y
485,Bonnie,Harris,bonnie.harris485@example.co.uk,+44 7700 900075,Middlesbrough,North Yorkshire,United Kingdom,2026-03-20 03:13:33,2026-03-27 16:44:36,N
486,Mohammed,Edwards,mohammed.edwards@example.co.uk,+44 7700 900836,Bangor,Gwynedd,United Kingdom,2026-02-06 22:17:05,2026-02-08 06:14:59,Y
487,Charlotte,Davis,charlotte.davis48739@example.org.uk,+44 7700 900819,Loughborough,Leicestershire,United Kingdom,2026-06-29 11:29:47,2026-07-02 05:36:19,Y
488,Toby,Graham,tobyg70488@example.co.uk,+44 7700 900181,Crewe,Cheshire,United Kingdom,2026-04-11 02:37:36,2026-04-12 16:19:44,Y
489,Anya,Phillips,anya.phillips99@example.org.uk,0161 496 0375,Eastbourne,East Sussex,United Kingdom,2026-03-08 10:59:51,2026-03-21 09:53:38,Y
490,Elsie,Macdonald,elsie.macdonald@example.net,01632 961826,Truro,Cornwall,United Kingdom,2026-04-26 08:14:04,2026-05-26 14:22:53,Y
491,Alfie,Fletcher,alfie.fletcher491@example.com,029 496 0768,Stoke-on-Trent,Staffordshire,United Kingdom,2026-01-28 04:06:10,2026-02-11 18:26:36,Y
492,Archie,Jones,ajones492@example.org.uk,+44 7700 900577,Shrewsbury,Shropshire,United Kingdom,2026-04-02 06:28:19,2026-04-16 15:22:26,Y
493,Willow,Brown,wbrown1493@example.com,0191 496 0250,Middlesbrough,North Yorkshire,United Kingdom,2026-06-25 09:52:45,2026-07-18 04:54:58,Y
494,Arjun,Cook,arjunc21494@example.com,01632 968055,Cambridge,Cambridgeshire,United Kingdom,2026-03-25 04:05:45,2026-04-01 15:31:17,Y
495,Priya,Stewart,priyas15495@example.org.uk,020 7946 0292,St Albans,Hertfordshire,United Kingdom,2026-03-18 08:52:11,2026-03-18 21:46:39,Y
496,Bethan,Reid,breid48496@example.co.uk,+44 7700 900968,Newcastle upon Tyne,Tyne and Wear,United Kingdom,2026-05-21 07:06:29,2026-05-24 11:13:29,Y
497,Toby,Clark,toby.clark497@example.co.uk,+44 7700 900010,Cheltenham,Gloucestershire,United Kingdom,2026-02-26 04:12:52,2026-03-10 15:56:32,Y
498,Theo,Morgan,theom@example.co.uk,+44 7700 900312,Southend-on-Sea,Essex,United Kingdom,2026-01-22 18:37:16,2026-02-20 20:38:20,Y
499,Callum,Allen,callum.allen58@example.co.uk,020 7946 0739,Dartford,Kent,United Kingdom,2026-06-15 14:51:08,2026-06-18 00:58:10,Y
500,Rory,Baker,rbaker@example.com,+44 7700 900944,Newcastle upon Tyne,Tyne and Wear,United Kingdom,2026-01-13 05:59:36,2026-01-27 05:25:07,Y
501,William,White,william.white50180@example.co.uk,+44 7700 900213,Leicester,Leicestershire,United Kingdom,2026-06-24 13:11:22,2026-06-30 18:28:39,Y
502,Jacob,Webb,jacob.webb@example.co.uk,01632 961942,Bedford,Bedfordshire,United Kingdom,2026-02-08 01:39:39,2026-02-27 09:20:57,Y
503,Arthur,Dixon,arthur.dixon503@example.co.uk,+44 7700 900538,Stirling,Stirlingshire,United Kingdom,2026-05-21 15:03:05,2026-05-30 03:11:31,Y
504,Zara,Fraser,zara.fraser504@example.net,+44 7700 900744,Watford,Hertfordshire,United Kingdom,2026-05-15 07:40:51,2026-06-01 08:05:41,Y
505,Grace,Walker,gracew@example.net,0151 496 0355,Huddersfield,West Yorkshire,United Kingdom,2026-05-03 17:50:31,2026-05-15 12:22:51,Y
506,Sophie,Ward,sward@example.org.uk,+44 7700 900872,Lisburn,County Antrim,United Kingdom,2026-02-16 00:20:38,2026-02-23 01:18:29,Y
507,Grace,Cooper,gracec1507@example.org.uk,+44 7700 900823,Dundee,Dundee City,United Kingdom,2026-01-15 15:33:22,2026-02-09 09:47:32,Y
508,Sophia,Barker,sophiab@example.com,+44 7700 900138,Dartford,Kent,United Kingdom,2026-06-18 07:17:34,2026-07-15 06:21:22,N
509,Sam,Fraser,sam.fraser509@example.co.uk,+44 7700 900287,Truro,Cornwall,United Kingdom,2026-02-26 18:54:51,2026-03-11 06:54:44,N
510,Ruby,Watson,ruby.watson510@example.com,0151 496 0243,Watford,Hertfordshire,United Kingdom,2026-02-14 05:15:37,2026-02-25 04:59:59,Y
511,Iona,Walker,iwalker37511@example.co.uk,01632 961377,Ipswich,Suffolk,United Kingdom,2026-01-08 22:44:22,2026-02-08 17:20:31,Y
512,Erin,Lee,erin.lee@example.co.uk,020 7946 0020,Dartford,Kent,United Kingdom,2026-02-18 15:34:19,2026-02-24 06:36:24,Y
513,Theo,Chapman,theo.chapman86@example.co.uk,+44 7700 900197,Lancaster,Lancashire,United Kingdom,2026-06-04 07:01:33,2026-06-19 07:23:31,Y
514,Elsie,Newman,enewman37514@example.com,0191 496 0970,Exeter,Devon,United Kingdom,2026-02-03 10:45:11,2026-03-04 20:48:12,Y
515,Zain,Lee,zlee@example.co.uk,01632 966056,Stockport,Greater Manchester,United Kingdom,2026-06-30 04:49:07,2026-07-27 21:44:30,N
516,Eilidh,Hall,eilidh.hall@example.net,+44 7700 900812,Newport,Gwent,United Kingdom,2026-04-06 22:42:25,2026-04-25 02:03:44,Y
517,Ella,Webb,ella.webb517@example.net,01632 969430,Bournemouth,Dorset,United Kingdom,2026-02-10 23:27:50,2026-03-03 15:09:10,Y
518,Owen,Mason,owen.mason518@example.org.uk,0141 496 0049,Lisburn,County Antrim,United Kingdom,2026-05-24 22:56:59,2026-06-13 10:11:41,Y
519,Daniel,O'Brien,daniel.obrien@example.co.uk,01632 962876,Romford,Greater London,United Kingdom,2026-02-14 12:19:46,2026-03-08 21:27:57,Y
520,Adam,King,aking@example.org.uk,020 7946 0180,Crewe,Cheshire,United Kingdom,2026-06-29 18:25:54,2026-07-24 12:28:05,Y
521,Reggie,Gibson,reggie.gibson52161@example.co.uk,+44 7700 900466,Dartford,Kent,United Kingdom,2026-06-06 07:40:36,2026-06-09 22:49:57,Y
522,Elliot,Chapman,elliot.chapman52219@example.co.uk,020 7946 0171,Chesterfield,Derbyshire,United Kingdom,2026-03-02 11:20:10,2026-03-22 14:12:55,Y
523,Mohammed,Stewart,mohammed.stewart523@example.co.uk,+44 7700 900328,Newport,Gwent,United Kingdom,2026-03-27 14:00:16,2026-04-02 21:44:20,Y
524,Sam,Green,samg94@example.net,+44 7700 900593,Truro,Cornwall,United Kingdom,2026-01-28 23:00:03,2026-02-10 13:46:29,N
525,Charlotte,Clarke,charlottec@example.org.uk,+44 7700 900160,Oldham,Greater Manchester,United Kingdom,2026-04-16 15:56:24,2026-04-28 09:20:30,Y
526,Charlotte,Price,cprice526@example.com,+44 7700 900981,Barnsley,South Yorkshire,United Kingdom,2026-05-28 20:48:43,2026-06-05 02:16:47,Y
527,Henry,James,henry.james41@example.co.uk,01632 969893,Preston,Lancashire,United Kingdom,2026-01-09 09:01:20,2026-01-17 12:05:41,Y
528,Andrew,Patel,andrewp528@example.net,020 7946 0502,Warrington,Cheshire,United Kingdom,2026-04-07 05:46:04,2026-04-24 08:07:42,N
529,Eilidh,Ahmed,eilidha90@example.net,+44 7700 900918,Bradford,West Yorkshire,United Kingdom,2026-05-04 22:01:27,2026-06-04 18:12:05,Y
530,Carys,Dixon,carys.dixon50@example.co.uk,0117 496 0945,Poole,Dorset,United Kingdom,2026-02-10 01:06:21,2026-02-16 07:33:05,Y
531,Max,Sharma,max.sharma@example.org.uk,+44 7700 900351,Chesterfield,Derbyshire,United Kingdom,2026-05-19 08:42:18,2026-05-28 15:48:21,Y
532,Mia,Miller,mmiller54@example.net,020 7946 0625,Exeter,Devon,United Kingdom,2026-05-21 15:09:03,2026-06-01 15:36:08,Y
533,Freddie,Morgan,freddie.morgan8533@example.co.uk,+44 7700 900092,Newcastle upon Tyne,Tyne and Wear,United Kingdom,2026-06-19 20:38:30,2026-06-25 23:39:43,Y
534,Rosie,Knight,rknight58@example.co.uk,020 7946 0917,Bath,Somerset,United Kingdom,2026-03-16 02:30:54,2026-03-19 12:21:19,Y
535,Alfie,Turner,aturner66@example.co.uk,+44 7700 900111,Stevenage,Hertfordshire,United Kingdom,2026-06-19 08:05:41,2026-07-06 20:17:04,Y
536,Ivy,Begum,ibegum@example.org.uk,+44 7700 900425,Basildon,Essex,United Kingdom,2026-04-05 05:28:02,2026-04-13 19:57:18,Y
537,Adam,Singh,asingh@example.co.uk,+44 7700 900061,Worthing,West Sussex,United Kingdom,2026-03-10 18:03:09,2026-04-04 16:45:15,Y
538,Rosie,Thompson,rosie.thompson@example.co.uk,+44 7700 900787,Southampton,Hampshire,United Kingdom,2026-03-30 17:26:48,2026-04-18 01:01:51,Y
539,Andrew,Owen,andrew.owen53911@example.org.uk,01632 967470,Leeds,West Yorkshire,United Kingdom,2026-05-14 13:34:43,2026-06-11 05:11:39,Y
540,Max,Hunt,mhunt540@example.org.uk,0115 496 0614,Lancaster,Lancashire,United Kingdom,2026-03-18 02:25:57,2026-04-15 00:28:29,Y
541,Toby,Khan,toby.khan541@example.net,+44 7700 900112,Crawley,West Sussex,United Kingdom,2026-05-13 18:43:39,2026-05-17 22:32:07,Y
542,Aisha,Begum,abegum@example.org.uk,+44 7700 900015,Romford,Greater London,United Kingdom,2026-02-12 06:51:12,2026-02-16 08:18:17,N
543,Megan,Jones,megan.jones64@example.org.uk,+44 7700 900337,Manchester,Greater Manchester,United Kingdom,2026-04-22 06:52:40,2026-04-27 02:09:00,Y
544,Mia,Sharma,mias17544@example.co.uk,020 7946 0958,Luton,Bedfordshire,United Kingdom,2026-01-18 02:24:35,2026-01-30 19:45:29,Y
545,William,Turner,wturner79@example.co.uk,01632 960064,Merthyr Tydfil,Mid Glamorgan,United Kingdom,2026-04-28 00:50:44,2026-05-17 19:24:34,Y
546,Lily,Murray,lmurray80@example.net,+44 7700 900082,Londonderry,County Londonderry,United Kingdom,2026-04-17 04:09:36,2026-05-05 22:57:42,Y
547,Bethan,Hall,bethanh84@example.com,01632 967408,Croydon,Greater London,United Kingdom,2026-05-25 03:50:18,2026-06-21 21:46:40,Y
548,Zara,Rees,zarar14548@example.co.uk,029 496 0198,Milton Keynes,Buckinghamshire,United Kingdom,2026-03-09 12:41:31,2026-03-28 08:11:33,Y
549,Adam,Murphy,amurphy45@example.co.uk,020 7946 0736,Northampton,Northamptonshire,United Kingdom,2026-04-14 04:39:38,2026-05-06 03:04:40,Y
550,Liam,Harris,lharris@example.org.uk,+44 7700 900028,Swindon,Wiltshire,United Kingdom,2026-03-26 22:15:03,2026-04-19 14:13:20,Y
551,Arthur,Hussain,ahussain@example.co.uk,+44 7700 900861,Manchester,Greater Manchester,United Kingdom,2026-01-06 10:52:50,2026-01-15 20:10:43,Y
552,Henry,Foster,henry.foster@example.co.uk,01632 967718,Wakefield,West Yorkshire,United Kingdom,2026-06-28 21:06:55,2026-07-06 01:26:42,Y
553,Willow,Johnson,willow.johnson553@example.org.uk,+44 7700 900186,Hastings,East Sussex,United Kingdom,2026-03-24 08:46:26,2026-04-13 04:51:38,Y
554,Ivy,Wilson,ivy.wilson@example.co.uk,01632 969582,Newport,Gwent,United Kingdom,2026-04-15 23:31:48,2026-05-02 11:23:51,Y
555,Dylan,Marshall,dylanm37@example.org.uk,+44 7700 900320,Gloucester,Gloucestershire,United Kingdom,2026-02-10 02:19:45,2026-02-26 14:28:34,Y
556,Aoife,Allen,aoife.allen556@example.co.uk,+44 7700 900187,Huddersfield,West Yorkshire,United Kingdom,2026-05-26 00:11:12,2026-06-23 07:04:15,Y
557,Ewan,Griffiths,egriffiths@example.co.uk,020 7946 0097,Romford,Greater London,United Kingdom,2026-04-27 01:58:23,2026-05-19 08:15:46,Y
558,Poppy,Khan,poppy.khan558@example.org.uk,0115 496 0350,Sunderland,Tyne and Wear,United Kingdom,2026-05-10 12:40:59,2026-05-14 09:42:14,Y
559,Luke,Palmer,luke.palmer559@example.co.uk,+44 7700 900138,Newry,County Down,United Kingdom,2026-06-02 14:11:55,2026-06-18 08:47:17,Y
560,Iona,Bell,ionab@example.com,0117 496 0366,Guildford,Surrey,United Kingdom,2026-03-08 23:53:44,2026-03-11 08:55:08,Y
561,Niamh,Graham,niamh.graham56169@example.co.uk,+44 7700 900957,Bedford,Bedfordshire,United Kingdom,2026-05-27 06:54:14,2026-06-16 14:37:27,Y
562,Nathan,Turner,nathan.turner562@example.org.uk,+44 7700 900799,Livingston,West Lothian,United Kingdom,2026-04-15 16:01:55,2026-05-10 13:02:25,Y
563,Iona,Clark,iona.clark56385@example.com,+44 7700 900288,Barnsley,South Yorkshire,United Kingdom,2026-06-15 05:38:51,2026-06-15 12:55:29,Y
564,Sam,Webb,sam.webb564@example.com,+44 7700 900203,Oldham,Greater Manchester,United Kingdom,2026-03-20 22:45:41,2026-03-29 12:43:05,Y
565,Ruby,Watson,rubyw@example.net,+44 7700 900402,Inverness,Highland,United Kingdom,2026-04-28 08:13:29,2026-05-08 05:47:21,Y
566,Poppy,Taylor,ptaylor55@example.co.uk,+44 7700 900628,Chelmsford,Essex,United Kingdom,2026-05-30 03:00:32,2026-06-20 14:36:13,Y
567,Rory,Barker,roryb61567@example.org.uk,+44 7700 900295,Loughborough,Leicestershire,United Kingdom,2026-03-14 09:43:06,2026-03-29 12:04:23,Y
568,Elsie,Watson,ewatson3@example.co.uk,+44 7700 900590,Basildon,Essex,United Kingdom,2026-03-12 08:41:45,2026-04-12 05:00:57,Y
569,Oliver,Webb,owebb34@example.net,020 7946 0233,Exeter,Devon,United Kingdom,2026-03-03 01:51:54,2026-03-28 21:17:36,Y
570,Hannah,Patel,hannahp26@example.net,+44 7700 900282,Oxford,Oxfordshire,United Kingdom,2026-02-05 23:01:41,2026-02-21 08:18:39,Y
571,Erin,Moore,erinm80@example.co.uk,020 7946 0767,Blackburn,Lancashire,United Kingdom,2026-04-10 23:02:37,2026-05-03 17:54:49,Y
572,Ava,Doyle,ava.doyle@example.co.uk,+44 7700 900089,Bury St Edmunds,Suffolk,United Kingdom,2026-02-26 21:34:40,2026-03-24 13:33:22,Y
573,Conor,Cooper,ccooper573@example.net,020 7946 0200,Worthing,West Sussex,United Kingdom,2026-03-18 05:53:42,2026-04-15 23:05:00,Y
574,Evie,Baker,evieb574@example.co.uk,01632 960510,Salisbury,Wiltshire,United Kingdom,2026-02-02 23:16:46,2026-02-28 17:05:44,Y
575,Aoife,Kelly,aoifek8@example.co.uk,+44 7700 900682,Slough,Berkshire,United Kingdom,2026-06-24 10:41:05,2026-07-01 21:55:52,Y
576,Oscar,Powell,oscar.powell57689@example.co.uk,+44 7700 900966,Bracknell,Berkshire,United Kingdom,2026-04-18 10:23:16,2026-05-06 19:53:10,Y
577,Sam,Moore,sam.moore57773@example.co.uk,0117 496 0224,Poole,Dorset,United Kingdom,2026-01-14 20:37:37,2026-02-14 15:42:07,Y
578,Iona,Sharma,iona.sharma57880@example.net,+44 7700 900084,Crawley,West Sussex,United Kingdom,2026-05-09 03:55:43,2026-05-21 20:15:09,Y
579,Thomas,King,thomas.king57963@example.net,0141 496 0658,Nottingham,Nottinghamshire,United Kingdom,2026-02-08 04:12:21,2026-02-21 23:10:19,N
580,Adam,Miller,amiller12@example.com,+44 7700 900258,Telford,Shropshire,United Kingdom,2026-02-06 10:55:45,2026-02-11 13:27:06,Y
581,Nancy,Robinson,nancy.robinson581@example.org.uk,0121 496 0004,Norwich,Norfolk,United Kingdom,2026-02-15 10:40:03,2026-02-16 00:57:16,Y
582,Charlotte,Wilson,charlottew70582@example.co.uk,020 7946 0552,Bangor,County Down,United Kingdom,2026-02-13 18:48:10,2026-02-28 20:56:49,Y
583,Liam,Edwards,liam.edwards583@example.org.uk,0117 496 0589,Livingston,West Lothian,United Kingdom,2026-04-20 12:27:30,2026-05-02 12:30:04,Y
584,Lily,Barker,lily.barker584@example.co.uk,+44 7700 900825,Leeds,West Yorkshire,United Kingdom,2026-04-06 00:57:20,2026-04-30 17:09:21,Y
585,Nancy,Williams,nancy.williams43@example.co.uk,+44 7700 900422,Slough,Berkshire,United Kingdom,2026-06-10 23:15:14,2026-07-03 10:34:22,Y
586,Theo,Holmes,theo.holmes586586@example.org.uk,01632 965038,Paisley,Renfrewshire,United Kingdom,2026-05-09 18:19:10,2026-05-11 19:38:28,Y
587,Ivy,Chowdhury,ivy.chowdhury5876@example.com,+44 7700 900720,Ayr,South Ayrshire,United Kingdom,2026-05-14 19:33:21,2026-05-28 16:41:42,N
588,Oliver,Doyle,odoyle94@example.co.uk,01632 960447,Newport,Gwent,United Kingdom,2026-05-06 11:48:12,2026-05-11 23:49:26,Y
589,Noah,Lewis,noahl589@example.co.uk,020 7946 0155,Merthyr Tydfil,Mid Glamorgan,United Kingdom,2026-02-03 06:46:01,2026-02-21 22:56:08,Y
590,Arjun,Grant,agrant38590@example.org.uk,+44 7700 900166,Inverness,Highland,United Kingdom,2026-06-16 01:24:56,2026-07-06 10:14:30,Y
591,Ewan,White,ewan.white59115591@example.co.uk,+44 7700 900679,Worthing,West Sussex,United Kingdom,2026-06-02 01:42:06,2026-06-22 01:45:50,Y
592,Oliver,Foster,oliver.foster59297@example.net,020 7946 0353,Chester,Cheshire,United Kingdom,2026-04-24 12:07:35,2026-05-03 03:51:44,Y
593,Elsie,White,elsiew@example.co.uk,+44 7700 900252,Southend-on-Sea,Essex,United Kingdom,2026-06-25 20:00:19,2026-07-09 17:07:01,Y
594,Arthur,Dixon,arthur.dixon594@example.co.uk,+44 7700 900046,Dartford,Kent,United Kingdom,2026-06-09 19:44:08,2026-06-22 23:16:54,Y
595,Archie,Edwards,archie.edwards595@example.org.uk,+44 7700 900304,St Helens,Merseyside,United Kingdom,2026-03-14 03:50:06,2026-03-29 10:28:18,Y
596,Emily,Macdonald,emacdonald7@example.org.uk,020 7946 0589,Middlesbrough,North Yorkshire,United Kingdom,2026-05-14 06:22:45,2026-05-27 15:32:47,Y
597,Jack,Mason,jack.mason@example.net,0115 496 0842,Crewe,Cheshire,United Kingdom,2026-02-23 22:59:30,2026-03-06 05:59:30,Y
598,Lily,Thompson,lily.thompson80598@example.co.uk,+44 7700 900563,Kendal,Cumbria,United Kingdom,2026-01-29 18:42:31,2026-02-02 21:32:03,Y
599,Noah,Robinson,noah.robinson66599@example.org.uk,+44 7700 900911,Bury St Edmunds,Suffolk,United Kingdom,2026-01-26 08:41:14,2026-02-09 17:57:43,Y
600,Carys,Cook,carysc@example.co.uk,+44 7700 900980,Oxford,Oxfordshire,United Kingdom,2026-02-14 01:54:18,2026-02-25 23:14:45,Y
601,Adam,Chapman,achapman@example.co.uk,01632 962211,Aberdeen,Aberdeen City,United Kingdom,2026-01-25 01:00:54,2026-01-29 22:42:04,Y
602,Nancy,King,nancy.king8@example.co.uk,+44 7700 900432,Torquay,Devon,United Kingdom,2026-04-23 19:17:56,2026-05-16 21:41:48,Y
603,Maisie,Mason,mmason@example.net,+44 7700 900209,Birmingham,West Midlands,United Kingdom,2026-01-30 12:25:29,2026-02-08 01:10:23,Y
604,Zain,Hill,zainh23@example.com,+44 7700 900377,Sheffield,South Yorkshire,United Kingdom,2026-04-18 20:56:51,2026-04-24 00:05:35,Y
605,Jack,Roberts,jackr38@example.co.uk,020 7946 0639,Colchester,Essex,United Kingdom,2026-02-10 03:26:58,2026-02-28 19:18:34,Y
606,Maisie,Morris,maisiem98@example.org.uk,+44 7700 900115,Bangor,Gwynedd,United Kingdom,2026-02-16 19:24:49,2026-02-28 14:26:44,Y
607,Aisha,Campbell,aishac@example.co.uk,+44 7700 900873,Dartford,Kent,United Kingdom,2026-02-03 15:58:31,2026-02-07 05:26:33,Y
608,Chloe,Patel,chloep43@example.com,+44 7700 900741,Newport,Gwent,United Kingdom,2026-06-17 10:00:45,2026-07-15 07:34:34,Y
609,Theo,Fraser,tfraser609@example.co.uk,+44 7700 900697,Northampton,Northamptonshire,United Kingdom,2026-05-25 07:42:55,2026-06-05 00:16:39,Y
610,Olivia,Barnes,oliviab@example.co.uk,+44 7700 900854,Poole,Dorset,United Kingdom,2026-01-25 13:42:46,2026-02-02 05:05:28,Y
611,Oliver,Brown,oliverb11@example.co.uk,0117 496 0847,Rotherham,South Yorkshire,United Kingdom,2026-04-09 04:53:52,2026-04-26 23:56:52,Y
612,Willow,Ross,willow.ross612612@example.net,+44 7700 900613,Chesterfield,Derbyshire,United Kingdom,2026-02-10 16:54:30,2026-03-10 08:49:40,Y
613,Erin,Cook,ecook34@example.com,+44 7700 900669,Slough,Berkshire,United Kingdom,2026-05-06 10:15:21,2026-05-14 11:47:35,Y
614,Rory,Shaw,rshaw614@example.co.uk,+44 7700 900647,Merthyr Tydfil,Mid Glamorgan,United Kingdom,2026-04-07 12:52:15,2026-04-10 03:21:06,Y
615,Dylan,Marshall,dylan.marshall9@example.com,01632 963788,Huddersfield,West Yorkshire,United Kingdom,2026-01-23 15:28:20,2026-01-27 07:16:01,Y
616,Toby,Barker,tobyb19616@example.co.uk,+44 7700 900509,Worthing,West Sussex,United Kingdom,2026-04-14 13:02:35,2026-05-01 13:54:40,Y
617,Aoife,Davies,aoife.davies36@example.com,0191 496 0351,York,North Yorkshire,United Kingdom,2026-06-08 20:19:56,2026-06-25 13:33:37,Y
618,Nathan,Doyle,nathan.doyle6182@example.co.uk,020 7946 0499,Sunderland,Tyne and Wear,United Kingdom,2026-03-29 11:52:03,2026-04-24 19:46:32,Y
619,Sophie,Wood,sophiew57@example.co.uk,+44 7700 900769,Lincoln,Lincolnshire,United Kingdom,2026-06-08 19:30:45,2026-06-30 07:16:13,Y
620,Ella,Baker,ebaker620@example.co.uk,+44 7700 900054,Wakefield,West Yorkshire,United Kingdom,2026-06-18 07:00:21,2026-06-30 03:51:39,Y
621,Zain,Kelly,zkelly@example.org.uk,01632 968478,Plymouth,Devon,United Kingdom,2026-04-06 22:06:02,2026-05-05 03:37:10,Y
622,Rhys,Powell,rhys.powell62255@example.net,01632 961040,Bangor,Gwynedd,United Kingdom,2026-04-15 03:16:39,2026-04-21 09:24:38,Y
623,Priya,Turner,priya.turner@example.co.uk,020 7946 0452,Banbury,Oxfordshire,United Kingdom,2026-02-25 14:52:50,2026-03-04 13:13:56,Y
624,Sam,Jones,sam.jones@example.co.uk,01632 960492,Southampton,Hampshire,United Kingdom,2026-01-12 20:53:43,2026-01-31 00:43:40,Y
625,Archie,Baker,archie.baker62569@example.org.uk,+44 7700 900095,Edinburgh,City of Edinburgh,United Kingdom,2026-06-18 18:32:08,2026-07-19 09:32:41,Y
626,Bonnie,Robinson,bonnie.robinson40626@example.co.uk,01632 966251,Glasgow,Glasgow City,United Kingdom,2026-05-22 13:53:37,2026-06-07 06:43:35,Y
627,Max,Johnson,mjohnson82@example.net,+44 7700 900198,Colchester,Essex,United Kingdom,2026-06-27 18:11:46,2026-07-23 22:18:10,Y
628,Sophie,White,swhite25@example.org.uk,+44 7700 900204,Carlisle,Cumbria,United Kingdom,2026-06-05 10:32:56,2026-06-18 00:11:54,Y
629,Rosie,King,rosiek@example.co.uk,01632 963944,Kendal,Cumbria,United Kingdom,2026-03-05 08:25:21,2026-03-14 23:16:29,Y
630,Hannah,Sharma,hsharma@example.co.uk,01632 967989,Luton,Bedfordshire,United Kingdom,2026-06-04 22:56:47,2026-06-21 08:50:31,Y
631,Mia,Chapman,mia.chapman631@example.co.uk,+44 7700 900098,St Albans,Hertfordshire,United Kingdom,2026-03-22 22:47:59,2026-04-09 19:01:11,Y
632,Ewan,James,ewan.james63295@example.net,+44 7700 900782,Manchester,Greater Manchester,United Kingdom,2026-03-16 21:22:58,2026-04-07 02:08:39,N
633,David,King,davidk76@example.co.uk,+44 7700 900693,Stockport,Greater Manchester,United Kingdom,2026-02-15 16:34:44,2026-03-08 03:19:51,Y
634,Oliver,Barker,oliver.barker@example.co.uk,01632 965962,Bath,Somerset,United Kingdom,2026-05-24 15:37:36,2026-06-24 13:23:02,Y
635,Eilidh,Marshall,eilidhm@example.com,+44 7700 900127,Sunderland,Tyne and Wear,United Kingdom,2026-05-17 09:56:54,2026-05-30 10:30:00,Y
636,Sophia,Ward,sward@example.co.uk,+44 7700 900093,Hastings,East Sussex,United Kingdom,2026-02-07 01:42:03,2026-02-13 10:30:53,Y
637,Millie,Lewis,milliel@example.co.uk,029 496 0928,Great Yarmouth,Norfolk,United Kingdom,2026-03-15 21:16:09,2026-04-10 23:00:59,Y
638,Emily,Marshall,emily.marshall45638@example.org.uk,+44 7700 900213,Torquay,Devon,United Kingdom,2026-05-19 01:22:52,2026-06-02 05:02:47,Y
639,Rosie,Johnson,rosiej@example.com,020 7946 0006,Salisbury,Wiltshire,United Kingdom,2026-05-24 07:47:41,2026-06-10 20:03:13,Y
640,William,Newman,wnewman89640@example.com,+44 7700 900721,Manchester,Greater Manchester,United Kingdom,2026-06-28 09:44:42,2026-06-29 22:09:08,N
641,Hannah,Byrne,hannah.byrne6416@example.co.uk,020 7946 0117,Kingston upon Hull,East Riding of Yorkshire,United Kingdom,2026-06-25 10:35:03,2026-06-26 09:51:15,Y
642,Leo,Baker,leo.baker642@example.net,+44 7700 900324,Northampton,Northamptonshire,United Kingdom,2026-04-24 07:58:40,2026-05-17 06:40:03,Y
643,Saoirse,Webb,saoirse.webb64325@example.org.uk,+44 7700 900319,Loughborough,Leicestershire,United Kingdom,2026-05-20 23:38:12,2026-06-14 22:50:30,Y
644,Adam,White,adamw@example.co.uk,+44 7700 900183,Portsmouth,Hampshire,United Kingdom,2026-06-24 02:11:11,2026-07-17 18:18:35,Y
645,Mia,Clarke,miac66@example.com,020 7946 0656,Eastbourne,East Sussex,United Kingdom,2026-03-13 17:16:08,2026-03-19 12:10:24,Y
646,Luke,Rees,luker@example.co.uk,+44 7700 900199,Glasgow,Glasgow City,United Kingdom,2026-04-30 22:59:09,2026-05-02 03:58:29,Y
647,Saoirse,Richards,srichards@example.co.uk,0115 496 0927,Bath,Somerset,United Kingdom,2026-06-10 19:53:42,2026-06-20 11:44:18,Y
648,Thomas,Hill,thill56@example.org.uk,+44 7700 900761,Merthyr Tydfil,Mid Glamorgan,United Kingdom,2026-01-19 22:20:33,2026-01-27 03:53:37,Y
649,Rhys,Parker,rhys.parker58@example.co.uk,+44 7700 900182,Telford,Shropshire,United Kingdom,2026-02-10 13:34:34,2026-02-22 15:56:48,Y
650,Theo,Begum,theob@example.com,0121 496 0444,Portsmouth,Hampshire,United Kingdom,2026-06-19 10:21:23,2026-06-28 17:10:02,Y
651,George,Ward,george.ward@example.net,+44 7700 900127,Portsmouth,Hampshire,United Kingdom,2026-05-24 20:00:07,2026-06-15 07:28:22,Y
652,Nathan,Foster,nathanf@example.co.uk,01632 965883,Gloucester,Gloucestershire,United Kingdom,2026-06-07 19:15:02,2026-06-29 05:40:00,Y
653,Jack,Ahmed,jahmed@example.com,+44 7700 900153,Lisburn,County Antrim,United Kingdom,2026-01-30 12:16:34,2026-02-22 21:18:32,Y
654,Rory,Sharma,rory.sharma17@example.co.uk,+44 7700 900833,Enfield,Greater London,United Kingdom,2026-04-06 16:51:32,2026-04-21 07:53:50,Y
655,Willow,Cooper,willow.cooper65587@example.co.uk,+44 7700 900391,Stockport,Greater Manchester,United Kingdom,2026-02-19 10:32:05,2026-03-21 13:42:54,Y
656,Toby,Kelly,tkelly46@example.co.uk,020 7946 0829,Kingston upon Hull,East Riding of Yorkshire,United Kingdom,2026-01-02 20:04:13,2026-01-24 16:53:26,Y
657,Daisy,Chowdhury,dchowdhury98657@example.com,+44 7700 900972,York,North Yorkshire,United Kingdom,2026-04-19 03:13:34,2026-05-16 02:10:21,Y
658,Ethan,Rees,ethan.rees658@example.org.uk,020 7946 0470,London,Greater London,United Kingdom,2026-06-15 02:47:43,2026-06-19 03:17:28,Y
659,Owen,Hughes,ohughes@example.org.uk,+44 7700 900576,Ayr,South Ayrshire,United Kingdom,2026-01-23 02:03:11,2026-02-17 10:38:15,Y
660,Freya,Murray,freya.murray7660@example.org.uk,+44 7700 900280,Peterborough,Cambridgeshire,United Kingdom,2026-02-28 08:26:24,2026-03-15 04:51:51,Y
661,Chloe,Owen,cowen50@example.co.uk,020 7946 0882,Livingston,West Lothian,United Kingdom,2026-04-10 21:07:34,2026-04-11 17:54:13,Y
662,Noah,Reid,noahr@example.co.uk,020 7946 0741,Luton,Bedfordshire,United Kingdom,2026-05-30 01:44:54,2026-06-01 13:44:26,Y
663,Evie,O'Brien,evie.obrien66327@example.org.uk,+44 7700 900523,Stoke-on-Trent,Staffordshire,United Kingdom,2026-06-25 09:38:05,2026-07-05 00:02:30,Y
664,Finley,Smith,finley.smith664@example.org.uk,020 7946 0745,Ipswich,Suffolk,United Kingdom,2026-01-08 15:10:34,2026-01-15 19:57:59,Y
665,Poppy,Graham,poppy.graham665@example.co.uk,+44 7700 900832,Lisburn,County Antrim,United Kingdom,2026-05-20 09:40:09,2026-05-30 07:37:07,N
666,Zain,Martin,zain.martin26@example.co.uk,+44 7700 900236,Swansea,West Glamorgan,United Kingdom,2026-06-15 11:00:35,2026-07-13 04:09:42,Y
667,Lucy,Kelly,lucyk45667@example.com,+44 7700 900291,Blackpool,Lancashire,United Kingdom,2026-05-27 19:25:34,2026-06-13 21:44:47,Y
668,Elliot,Palmer,epalmer65@example.org.uk,+44 7700 900456,Bangor,County Down,United Kingdom,2026-03-30 06:26:57,2026-04-19 22:36:07,Y
669,Maisie,O'Brien,maisieo@example.org.uk,+44 7700 900772,St Albans,Hertfordshire,United Kingdom,2026-06-07 08:12:07,2026-06-13 06:03:43,Y
670,Freya,Morris,freya.morris@example.com,+44 7700 900774,Dartford,Kent,United Kingdom,2026-05-21 14:41:35,2026-05-24 00:23:39,Y
671,Conor,Kaur,conor.kaur671@example.org.uk,+44 7700 900583,Worthing,West Sussex,United Kingdom,2026-02-20 23:37:31,2026-03-23 09:59:39,Y
672,Luke,Hussain,luke.hussain@example.net,0151 496 0804,Banbury,Oxfordshire,United Kingdom,2026-03-02 03:18:39,2026-03-04 09:39:10,Y
673,Liam,Ahmed,lahmed96@example.com,+44 7700 900834,Bolton,Greater Manchester,United Kingdom,2026-06-07 21:19:44,2026-06-26 01:56:20,Y
674,Eilidh,James,eilidh.james70@example.net,+44 7700 900398,Mansfield,Nottinghamshire,United Kingdom,2026-03-22 13:10:00,2026-04-01 21:00:14,Y
675,Ava,Powell,apowell@example.co.uk,+44 7700 900455,Newry,County Down,United Kingdom,2026-06-14 13:17:53,2026-06-25 18:01:39,Y
676,Aisha,James,aisha.james1676@example.co.uk,01632 966141,Portsmouth,Hampshire,United Kingdom,2026-05-03 14:28:22,2026-05-27 23:59:57,Y
677,Iona,Murray,iona.murray67762@example.net,+44 7700 900753,Taunton,Somerset,United Kingdom,2026-06-15 19:05:53,2026-06-24 00:03:27,Y
678,Sam,Sharma,sam.sharma75678@example.com,0151 496 0545,Warrington,Cheshire,United Kingdom,2026-06-10 02:46:04,2026-07-08 03:40:36,Y
679,Ethan,Byrne,ethan.byrne679@example.co.uk,+44 7700 900888,Basingstoke,Hampshire,United Kingdom,2026-05-29 18:25:49,2026-06-17 01:23:51,Y
680,Elsie,Green,elsieg@example.org.uk,0121 496 0759,Truro,Cornwall,United Kingdom,2026-05-20 17:30:41,2026-06-13 21:54:06,Y
681,Noah,Jones,noah.jones@example.com,+44 7700 900704,Paisley,Renfrewshire,United Kingdom,2026-05-31 23:54:18,2026-06-05 14:26:50,Y
682,Finley,Robinson,finleyr21682@example.co.uk,01632 964968,Derby,Derbyshire,United Kingdom,2026-04-04 16:00:42,2026-04-12 11:43:52,Y
683,Andrew,Cook,andrewc683@example.co.uk,+44 7700 900907,Livingston,West Lothian,United Kingdom,2026-02-05 14:10:11,2026-02-24 08:53:06,N
684,Finley,Hughes,finley.hughes97@example.co.uk,+44 7700 900562,Milton Keynes,Buckinghamshire,United Kingdom,2026-05-04 11:02:14,2026-05-29 02:16:18,Y
685,Noah,Davis,noah.davis@example.co.uk,+44 7700 900492,Canterbury,Kent,United Kingdom,2026-03-01 01:42:13,2026-03-17 13:06:43,Y
686,Freddie,Cooper,freddiec@example.com,+44 7700 900474,Newcastle upon Tyne,Tyne and Wear,United Kingdom,2026-01-12 01:41:20,2026-01-16 00:15:00,Y
687,Dylan,Richards,dylan.richards687@example.co.uk,+44 7700 900040,Preston,Lancashire,United Kingdom,2026-03-09 18:34:36,2026-03-15 07:16:00,Y
688,Emily,Marshall,emarshall20@example.co.uk,0141 496 0300,Doncaster,South Yorkshire,United Kingdom,2026-06-17 02:33:16,2026-06-29 10:06:41,Y
689,Eilidh,Bailey,ebailey@example.co.uk,+44 7700 900247,Paisley,Renfrewshire,United Kingdom,2026-03-30 15:50:30,2026-04-28 10:51:02,Y
690,Thomas,Miller,thomas.miller6906@example.co.uk,020 7946 0081,Exeter,Devon,United Kingdom,2026-04-23 05:14:04,2026-05-10 01:31:17,Y
691,Bethan,Knight,bethan.knight@example.co.uk,0161 496 0192,Luton,Bedfordshire,United Kingdom,2026-02-10 11:38:45,2026-03-08 15:20:59,Y
692,Callum,Powell,callump@example.co.uk,020 7946 0825,Newport,Gwent,United Kingdom,2026-03-26 23:07:30,2026-04-17 14:37:43,Y
693,Toby,Grant,toby.grant14693@example.org.uk,+44 7700 900171,Gloucester,Gloucestershire,United Kingdom,2026-06-15 13:01:15,2026-06-16 17:37:52,Y
694,Dylan,Hussain,dylan.hussain55@example.org.uk,020 7946 0544,Wakefield,West Yorkshire,United Kingdom,2026-06-11 16:02:57,2026-06-29 20:06:07,Y
695,Rhys,Kaur,rhys.kaur695@example.co.uk,020 7946 0027,Londonderry,County Londonderry,United Kingdom,2026-02-16 16:25:38,2026-03-07 12:27:34,Y
696,Saoirse,Sharma,saoirse.sharma696@example.co.uk,+44 7700 900015,Eastbourne,East Sussex,United Kingdom,2026-06-19 09:05:13,2026-07-04 04:36:08,Y
697,Owen,Moore,owen.moore697@example.org.uk,+44 7700 900761,Bedford,Bedfordshire,United Kingdom,2026-02-26 13:38:09,2026-03-24 08:30:58,Y
698,Arjun,Dixon,arjun.dixon19@example.org.uk,029 496 0558,Basingstoke,Hampshire,United Kingdom,2026-06-18 16:16:10,2026-07-12 13:38:09,Y
699,Nancy,Davis,nancy.davis699699@example.org.uk,+44 7700 900318,Crawley,West Sussex,United Kingdom,2026-06-01 02:14:24,2026-06-13 06:20:25,Y
700,Ewan,Walker,ewan.walker700@example.co.uk,0113 496 0346,Bournemouth,Dorset,United Kingdom,2026-05-10 21:26:52,2026-05-15 16:33:03,Y
701,Niamh,Harris,niamh.harris701701@example.co.uk,020 7946 0260,Wolverhampton,West Midlands,United Kingdom,2026-06-07 19:02:56,2026-07-03 12:35:44,Y
702,Oscar,Byrne,oscar.byrne702@example.co.uk,+44 7700 900167,Swindon,Wiltshire,United Kingdom,2026-05-04 21:08:57,2026-05-24 15:00:57,Y
703,Jessica,Parker,jessicap@example.co.uk,01632 968110,St Albans,Hertfordshire,United Kingdom,2026-06-23 20:27:33,2026-07-07 08:22:35,Y
704,Raj,Evans,raj.evans704@example.co.uk,+44 7700 900662,Portsmouth,Hampshire,United Kingdom,2026-04-20 07:51:30,2026-05-15 20:14:07,Y
705,Jacob,Jones,jacobj@example.org.uk,020 7946 0617,Bristol,Bristol,United Kingdom,2026-06-28 18:06:27,2026-07-03 02:37:16,Y
706,Zain,King,zain.king70620706@example.com,+44 7700 900077,Bangor,County Down,United Kingdom,2026-01-22 09:38:56,2026-02-08 22:55:08,Y
707,Zain,Clarke,zclarke83@example.co.uk,+44 7700 900892,Wolverhampton,West Midlands,United Kingdom,2026-01-02 18:33:07,2026-01-18 18:57:48,Y
708,Andrew,Cook,andrew.cook29@example.net,+44 7700 900097,Leicester,Leicestershire,United Kingdom,2026-03-22 13:23:06,2026-03-27 03:04:43,Y
709,Zara,James,zjames46@example.co.uk,0121 496 0365,Merthyr Tydfil,Mid Glamorgan,United Kingdom,2026-05-18 13:36:23,2026-06-06 22:19:48,Y
710,Dylan,Dixon,dylan.dixon@example.co.uk,0191 496 0052,Carlisle,Cumbria,United Kingdom,2026-04-16 17:50:35,2026-05-01 23:14:10,Y
711,Charlotte,Robinson,crobinson@example.net,01632 964524,Leeds,West Yorkshire,United Kingdom,2026-03-06 09:36:22,2026-03-31 08:02:09,Y
712,Callum,Ross,callumr712@example.co.uk,020 7946 0131,Nottingham,Nottinghamshire,United Kingdom,2026-06-18 03:47:14,2026-07-03 01:57:20,Y
713,Nancy,Powell,nancy.powell@example.co.uk,01632 961829,Gloucester,Gloucestershire,United Kingdom,2026-04-13 10:51:35,2026-05-03 09:35:20,Y
714,Arjun,Davies,arjun.davies714@example.co.uk,+44 7700 900601,Dartford,Kent,United Kingdom,2026-04-10 20:00:51,2026-04-13 00:31:50,Y
715,Leo,Johnson,ljohnson@example.co.uk,01632 962479,Exeter,Devon,United Kingdom,2026-01-23 02:16:14,2026-02-03 04:54:16,Y
716,Noah,White,noah.white71629716@example.co.uk,020 7946 0521,Great Yarmouth,Norfolk,United Kingdom,2026-04-13 19:41:33,2026-04-23 18:19:36,Y
717,Ava,Harrison,ava.harrison71776@example.com,020 7946 0138,Huddersfield,West Yorkshire,United Kingdom,2026-02-14 20:31:28,2026-02-15 03:26:10,Y
718,Elliot,Clarke,elliot.clarke99@example.co.uk,0161 496 0800,Chelmsford,Essex,United Kingdom,2026-05-13 09:12:02,2026-06-08 04:44:35,Y
719,Lily,Smith,lilys@example.co.uk,+44 7700 900248,Guildford,Surrey,United Kingdom,2026-06-07 05:43:02,2026-06-18 13:24:02,N
720,Sophie,Byrne,sophie.byrne24@example.co.uk,+44 7700 900856,Ipswich,Suffolk,United Kingdom,2026-01-23 08:49:25,2026-02-04 06:14:50,Y
721,Jessica,Reid,jessica.reid72141@example.co.uk,+44 7700 900009,Birmingham,West Midlands,United Kingdom,2026-05-13 00:47:45,2026-05-15 03:23:03,Y
722,Eilidh,Thompson,eilidh.thompson@example.com,0141 496 0764,Leicester,Leicestershire,United Kingdom,2026-05-24 18:22:22,2026-06-24 02:37:00,N
723,Reggie,Martin,reggie.martin@example.co.uk,+44 7700 900826,St Helens,Merseyside,United Kingdom,2026-04-27 12:36:00,2026-05-05 18:02:32,Y
724,Raj,Byrne,rajb83724@example.co.uk,+44 7700 900113,Carlisle,Cumbria,United Kingdom,2026-01-19 16:18:21,2026-02-18 20:09:53,N
725,Aoife,Clarke,aoife.clarke72559@example.net,0117 496 0569,Coventry,West Midlands,United Kingdom,2026-05-18 18:16:44,2026-06-02 06:53:14,Y
726,Sophia,Griffiths,sophiag2@example.org.uk,+44 7700 900711,Newry,County Down,United Kingdom,2026-03-28 14:43:29,2026-04-26 09:38:30,Y
727,Iona,Kaur,iona.kaur72798@example.co.uk,+44 7700 900554,Inverness,Highland,United Kingdom,2026-03-08 02:24:40,2026-04-02 10:08:24,Y
728,James,Taylor,jtaylor45@example.co.uk,0131 496 0913,Hastings,East Sussex,United Kingdom,2026-03-22 13:22:33,2026-04-08 14:07:26,Y
729,Hannah,Holmes,hannah.holmes58@example.co.uk,+44 7700 900978,Paisley,Renfrewshire,United Kingdom,2026-03-15 02:25:43,2026-04-07 12:30:18,Y
730,Niamh,Cooper,niamh.cooper730730@example.net,+44 7700 900378,Bedford,Bedfordshire,United Kingdom,2026-05-02 10:22:13,2026-05-31 04:39:24,Y
731,Hannah,Cooper,hcooper731@example.co.uk,+44 7700 900076,Reading,Berkshire,United Kingdom,2026-06-24 06:31:47,2026-06-30 14:19:02,Y
732,Nancy,Turner,nturner94732@example.co.uk,+44 7700 900129,Brighton,East Sussex,United Kingdom,2026-02-22 07:12:53,2026-03-02 02:35:02,Y
733,Olivia,Graham,oliviag87@example.com,0141 496 0555,Luton,Bedfordshire,United Kingdom,2026-01-31 02:43:42,2026-02-15 21:44:30,Y
734,Charlotte,Hussain,charlotte.hussain73497734@example.co.uk,+44 7700 900689,Plymouth,Devon,United Kingdom,2026-01-11 15:23:39,2026-01-22 07:21:35,Y
735,Ava,Sharma,ava.sharma735@example.com,020 7946 0987,Chester,Cheshire,United Kingdom,2026-03-12 15:11:48,2026-04-11 07:29:13,Y
736,Conor,Bell,conorb@example.com,0121 496 0171,Stockport,Greater Manchester,United Kingdom,2026-05-28 04:03:33,2026-06-22 17:34:07,Y
737,Oscar,Patel,opatel737@example.org.uk,020 7946 0613,Carlisle,Cumbria,United Kingdom,2026-03-30 12:55:43,2026-04-23 18:24:50,Y
738,Hannah,Hunt,hannahh27@example.co.uk,+44 7700 900336,Worcester,Worcestershire,United Kingdom,2026-04-28 10:44:00,2026-04-29 07:57:24,Y
739,Olivia,Clarke,olivia.clarke73910739@example.org.uk,020 7946 0070,Gateshead,Tyne and Wear,United Kingdom,2026-03-25 11:39:55,2026-04-02 17:15:11,Y
740,Harry,Webb,harry.webb@example.org.uk,+44 7700 900028,Harrogate,North Yorkshire,United Kingdom,2026-05-01 19:21:23,2026-05-07 10:48:36,Y
741,Erin,Brown,ebrown@example.co.uk,+44 7700 900208,Eastbourne,East Sussex,United Kingdom,2026-04-06 11:54:25,2026-04-15 02:06:01,Y
742,Sam,Chowdhury,samc@example.co.uk,+44 7700 900780,Maidstone,Kent,United Kingdom,2026-05-28 21:14:52,2026-06-01 20:32:43,Y
743,Jacob,Barnes,jacobb@example.org.uk,+44 7700 900486,Bournemouth,Dorset,United Kingdom,2026-04-21 12:12:09,2026-05-17 11:21:39,Y
744,Aoife,Quinn,aoife.quinn744@example.net,0161 496 0939,St Albans,Hertfordshire,United Kingdom,2026-02-15 13:31:08,2026-03-16 10:04:42,Y
745,Zara,Campbell,zcampbell43@example.co.uk,020 7946 0162,Glasgow,Glasgow City,United Kingdom,2026-05-05 09:16:35,2026-06-02 03:20:00,Y
746,Jack,Baker,jbaker73@example.net,020 7946 0039,Coventry,West Midlands,United Kingdom,2026-02-11 01:13:52,2026-02-19 17:07:32,Y
747,Raj,Morgan,raj.morgan@example.co.uk,01632 966695,St Helens,Merseyside,United Kingdom,2026-03-27 08:23:23,2026-04-14 02:23:14,Y
748,Sophie,O'Brien,sobrien71@example.co.uk,+44 7700 900811,Shrewsbury,Shropshire,United Kingdom,2026-01-06 13:07:22,2026-02-03 10:45:34,Y
749,Rory,Fletcher,rfletcher90@example.net,020 7946 0153,Leeds,West Yorkshire,United Kingdom,2026-06-16 20:34:11,2026-07-11 05:56:31,Y
750,Abigail,Lee,abigaill66750@example.co.uk,+44 7700 900484,Loughborough,Leicestershire,United Kingdom,2026-05-05 23:28:56,2026-05-08 12:08:14,Y
751,Evie,Moore,emoore61@example.org.uk,020 7946 0578,Wakefield,West Yorkshire,United Kingdom,2026-02-07 05:40:51,2026-03-08 16:07:31,Y
752,Reggie,Stewart,reggie.stewart752@example.com,0117 496 0039,Merthyr Tydfil,Mid Glamorgan,United Kingdom,2026-04-14 02:05:10,2026-04-24 09:25:30,Y
753,Freddie,Williams,freddiew753@example.co.uk,0161 496 0868,Swindon,Wiltshire,United Kingdom,2026-03-10 19:41:25,2026-03-19 10:31:20,Y
754,Thomas,Parker,tparker@example.co.uk,+44 7700 900498,Inverness,Highland,United Kingdom,2026-05-31 16:28:26,2026-06-05 22:22:27,Y
755,Callum,Turner,callum.turner75538@example.net,+44 7700 900380,Worcester,Worcestershire,United Kingdom,2026-03-02 21:16:47,2026-03-25 20:22:00,Y
756,Bethan,Evans,bethan.evans32@example.org.uk,+44 7700 900231,Torquay,Devon,United Kingdom,2026-01-27 03:04:59,2026-02-24 18:40:02,Y
757,Finley,Macdonald,finleym@example.com,0114 496 0190,York,North Yorkshire,United Kingdom,2026-04-12 16:48:05,2026-04-16 01:27:14,Y
758,Grace,Walker,grace.walker758@example.co.uk,020 7946 0249,Norwich,Norfolk,United Kingdom,2026-04-10 09:14:15,2026-05-03 18:42:55,Y
759,Lucy,Taylor,lucy.taylor75962@example.co.uk,+44 7700 900529,Loughborough,Leicestershire,United Kingdom,2026-05-15 05:01:02,2026-06-05 16:57:00,Y
760,Ivy,Marshall,ivy.marshall10760@example.org.uk,+44 7700 900830,Edinburgh,City of Edinburgh,United Kingdom,2026-05-02 14:55:34,2026-05-31 23:31:02,Y
761,Sophia,Foster,sophia.foster761@example.org.uk,020 7946 0621,Newry,County Down,United Kingdom,2026-06-28 17:11:37,2026-07-18 07:52:24,Y
762,Arthur,Morris,arthur.morris97762@example.co.uk,+44 7700 900171,Shrewsbury,Shropshire,United Kingdom,2026-05-25 13:33:40,2026-06-15 06:53:38,Y
763,Adam,Edwards,aedwards763@example.co.uk,0114 496 0945,Reading,Berkshire,United Kingdom,2026-05-19 07:51:05,2026-06-02 17:14:31,Y
764,Fatima,Knight,fatima.knight92@example.co.uk,020 7946 0228,Nottingham,Nottinghamshire,United Kingdom,2026-03-19 00:00:33,2026-04-14 04:22:51,Y
765,Elsie,Kaur,elsie.kaur@example.co.uk,020 7946 0693,Cardiff,South Glamorgan,United Kingdom,2026-01-03 22:59:31,2026-02-03 14:18:31,Y
766,William,Turner,william.turner74@example.org.uk,+44 7700 900930,Stoke-on-Trent,Staffordshire,United Kingdom,2026-03-16 19:14:50,2026-03-17 12:38:02,Y
767,Erin,Kaur,erin.kaur767@example.co.uk,+44 7700 900790,Wrexham,Clwyd,United Kingdom,2026-05-24 13:25:15,2026-05-30 12:12:56,Y
768,Ava,Ward,ava.ward76849768@example.net,0117 496 0949,Stoke-on-Trent,Staffordshire,United Kingdom,2026-04-07 07:16:05,2026-04-21 03:31:38,Y
769,Katie,O'Brien,katie.obrien@example.co.uk,0151 496 0857,Luton,Bedfordshire,United Kingdom,2026-06-06 22:43:17,2026-06-16 19:30:51,Y
770,Ruby,Jones,ruby.jones@example.net,+44 7700 900877,Rotherham,South Yorkshire,United Kingdom,2026-04-16 06:54:04,2026-04-21 11:12:11,Y
771,Rosie,Patel,rpatel@example.net,+44 7700 900832,Great Yarmouth,Norfolk,United Kingdom,2026-06-08 14:17:44,2026-06-28 05:30:04,Y
772,Harry,Newman,harry.newman77217@example.org.uk,+44 7700 900322,Sheffield,South Yorkshire,United Kingdom,2026-01-13 17:01:11,2026-01-17 02:18:19,Y
773,Max,Jones,max.jones773@example.co.uk,+44 7700 900040,Blackburn,Lancashire,United Kingdom,2026-01-03 07:05:09,2026-01-03 22:18:30,Y
774,James,Morgan,james.morgan77463774@example.co.uk,01632 960275,Croydon,Greater London,United Kingdom,2026-05-08 11:29:44,2026-06-02 12:50:49,Y
775,Jessica,Ahmed,jessicaa75@example.org.uk,0131 496 0689,Chester,Cheshire,United Kingdom,2026-02-07 01:17:49,2026-02-19 03:52:19,Y
776,Priya,Price,priyap26@example.co.uk,+44 7700 900871,Coventry,West Midlands,United Kingdom,2026-03-06 12:53:00,2026-03-10 11:08:24,Y
777,Sophia,Lee,sophial30@example.co.uk,+44 7700 900475,Inverness,Highland,United Kingdom,2026-04-24 07:47:02,2026-04-30 22:34:51,Y
778,Katie,Doyle,katie.doyle@example.co.uk,+44 7700 900879,Wakefield,West Yorkshire,United Kingdom,2026-06-20 06:30:24,2026-07-11 16:29:44,Y
779,James,Quinn,james.quinn@example.org.uk,+44 7700 900098,Inverness,Highland,United Kingdom,2026-01-11 23:59:35,2026-01-28 03:16:05,Y
780,Sam,Fletcher,sam.fletcher78064@example.net,020 7946 0078,Sheffield,South Yorkshire,United Kingdom,2026-02-20 11:56:03,2026-03-20 09:09:10,Y
781,Hannah,Harris,hannah.harris@example.org.uk,0113 496 0731,Portsmouth,Hampshire,United Kingdom,2026-04-22 10:00:10,2026-05-17 18:37:17,Y
782,Bethan,Quinn,bethan.quinn78235@example.com,+44 7700 900657,Inverness,Highland,United Kingdom,2026-03-04 00:02:37,2026-03-29 22:33:21,Y
783,Oscar,Fletcher,oscar.fletcher78372@example.com,01632 960304,Livingston,West Lothian,United Kingdom,2026-04-06 02:15:10,2026-04-21 04:58:49,Y
784,Andrew,Dixon,andrew.dixon78470@example.co.uk,+44 7700 900729,Stirling,Stirlingshire,United Kingdom,2026-06-10 01:03:22,2026-06-30 05:47:56,Y
785,Grace,Macdonald,grace.macdonald785785@example.co.uk,020 7946 0411,Portsmouth,Hampshire,United Kingdom,2026-02-02 15:14:20,2026-02-20 12:02:42,Y
786,Rory,Edwards,rorye@example.co.uk,+44 7700 900859,Bangor,County Down,United Kingdom,2026-04-23 23:12:01,2026-05-16 11:34:47,Y
787,Max,Smith,maxs27@example.com,+44 7700 900854,Sheffield,South Yorkshire,United Kingdom,2026-01-11 15:45:28,2026-01-29 01:20:12,Y
788,Arthur,White,arthur.white78824@example.org.uk,+44 7700 900732,Bristol,Bristol,United Kingdom,2026-05-26 05:34:22,2026-06-06 05:03:39,Y
789,Abigail,Holmes,abigailh79789@example.co.uk,+44 7700 900792,Warrington,Cheshire,United Kingdom,2026-06-03 17:10:04,2026-06-19 21:38:22,Y
790,Lucy,Barnes,lucy.barnes95790@example.co.uk,01632 961954,Manchester,Greater Manchester,United Kingdom,2026-05-19 11:29:00,2026-06-13 08:01:24,Y
791,Freya,Taylor,ftaylor87@example.net,+44 7700 900580,Blackburn,Lancashire,United Kingdom,2026-01-05 19:54:23,2026-01-30 15:09:43,Y
792,Isla,Turner,iturner90@example.co.uk,0151 496 0130,Croydon,Greater London,United Kingdom,2026-06-18 17:52:24,2026-06-25 10:35:55,Y
793,Andrew,Smith,andrew.smith79383@example.co.uk,+44 7700 900852,Telford,Shropshire,United Kingdom,2026-02-09 19:18:20,2026-02-23 15:38:27,Y
794,Ruby,Edwards,ruby.edwards79427@example.net,+44 7700 900658,Norwich,Norfolk,United Kingdom,2026-06-18 02:02:53,2026-07-18 06:14:48,Y
795,Zara,Parker,zara.parker795@example.net,+44 7700 900987,Merthyr Tydfil,Mid Glamorgan,United Kingdom,2026-01-28 15:12:06,2026-01-30 09:53:59,Y
796,Charlie,Wilson,charlie.wilson79683@example.co.uk,+44 7700 900689,Nottingham,Nottinghamshire,United Kingdom,2026-05-06 16:39:44,2026-05-25 00:43:07,Y
797,Lily,Evans,lilye23@example.com,01632 965980,Stirling,Stirlingshire,United Kingdom,2026-01-19 00:59:58,2026-01-25 21:31:57,Y
798,Anya,Gibson,anya.gibson79843@example.co.uk,+44 7700 900883,Salisbury,Wiltshire,United Kingdom,2026-01-21 14:51:40,2026-01-23 02:27:27,Y
799,Niamh,Ali,niamh.ali79928@example.co.uk,+44 7700 900260,Preston,Lancashire,United Kingdom,2026-04-17 11:50:45,2026-04-19 07:08:18,Y
800,Arjun,King,arjun.king80010@example.org.uk,+44 7700 900108,Plymouth,Devon,United Kingdom,2026-01-19 09:04:13,2026-02-19 01:10:19,Y
801,Rosie,Walker,rosie.walker40@example.org.uk,020 7946 0297,Gateshead,Tyne and Wear,United Kingdom,2026-05-17 12:12:12,2026-06-03 09:27:48,Y
802,Reggie,Chowdhury,rchowdhury29@example.co.uk,01632 963123,Bracknell,Berkshire,United Kingdom,2026-02-15 17:47:35,2026-03-01 16:54:24,Y
803,Daniel,Grant,daniel.grant803@example.com,+44 7700 900619,Worthing,West Sussex,United Kingdom,2026-04-02 21:29:44,2026-04-24 11:25:50,Y
804,Grace,Morgan,gracem26@example.net,+44 7700 900369,Northampton,Northamptonshire,United Kingdom,2026-02-16 17:25:32,2026-02-27 14:36:06,N
805,Bethan,Chapman,bethan.chapman805@example.com,+44 7700 900575,Dartford,Kent,United Kingdom,2026-04-24 11:57:20,2026-05-11 22:51:43,Y
806,Florence,Ahmed,fahmed@example.com,0117 496 0285,Edinburgh,City of Edinburgh,United Kingdom,2026-06-12 13:52:46,2026-06-23 09:08:22,Y
807,Aisha,Dixon,aisha.dixon@example.co.uk,01632 961897,Dartford,Kent,United Kingdom,2026-04-07 17:59:47,2026-04-16 05:28:15,N
808,Sam,Roberts,sam.roberts@example.net,0113 496 0311,Eastbourne,East Sussex,United Kingdom,2026-01-01 23:02:18,2026-01-20 23:35:26,N
809,Ivy,Hunt,ihunt76@example.net,+44 7700 900452,Carlisle,Cumbria,United Kingdom,2026-03-19 00:19:14,2026-03-25 10:21:03,Y
810,Zara,Ali,zaraa@example.co.uk,+44 7700 900069,Sunderland,Tyne and Wear,United Kingdom,2026-06-26 08:58:35,2026-07-13 02:35:34,Y
811,Katie,Hall,katieh@example.net,0113 496 0311,Stockport,Greater Manchester,United Kingdom,2026-01-25 01:29:22,2026-01-29 05:45:45,Y
812,Fatima,Sharma,fsharma49812@example.co.uk,+44 7700 900665,Crawley,West Sussex,United Kingdom,2026-03-05 07:16:51,2026-03-14 09:53:16,Y
813,Reggie,Rees,reggier@example.org.uk,01632 964270,Ipswich,Suffolk,United Kingdom,2026-02-25 23:04:46,2026-03-08 14:16:17,Y
814,Toby,Harrison,toby.harrison91814@example.co.uk,0115 496 0054,Brighton,East Sussex,United Kingdom,2026-06-26 22:36:52,2026-07-26 02:15:33,Y
815,Iona,Wright,iona.wright81597@example.org.uk,+44 7700 900210,Bangor,County Down,United Kingdom,2026-05-28 12:05:49,2026-05-29 22:28:45,Y
816,Arthur,Jones,arthur.jones58@example.co.uk,0113 496 0802,Preston,Lancashire,United Kingdom,2026-04-17 03:55:49,2026-04-25 03:37:43,Y
817,Abigail,Gibson,abigailg99817@example.co.uk,0161 496 0110,Cardiff,South Glamorgan,United Kingdom,2026-01-03 20:49:40,2026-01-15 22:09:13,Y
818,Sophia,Walker,sophiaw@example.co.uk,0191 496 0105,Reading,Berkshire,United Kingdom,2026-05-19 18:09:20,2026-06-05 16:23:29,Y
819,Jack,Macdonald,jack.macdonald@example.net,+44 7700 900935,Peterborough,Cambridgeshire,United Kingdom,2026-04-11 14:48:38,2026-04-30 06:53:52,Y
820,Jacob,Parker,jacobp@example.co.uk,+44 7700 900251,Bradford,West Yorkshire,United Kingdom,2026-04-11 04:08:21,2026-04-13 19:45:08,Y
821,William,Cook,wcook10821@example.com,029 496 0639,Winchester,Hampshire,United Kingdom,2026-04-13 08:05:25,2026-04-29 21:55:09,Y
822,Aoife,Jones,aoifej74@example.com,01632 967181,Torquay,Devon,United Kingdom,2026-02-04 15:35:12,2026-02-20 04:16:48,Y
823,Olivia,Holmes,oholmes823@example.co.uk,0114 496 0264,Torquay,Devon,United Kingdom,2026-06-07 23:33:15,2026-06-15 01:51:04,Y
824,Reggie,Martin,reggie.martin82497@example.net,0113 496 0506,Croydon,Greater London,United Kingdom,2026-06-25 18:05:07,2026-07-17 07:32:30,Y
825,Oliver,Sharma,osharma20@example.com,+44 7700 900739,Bolton,Greater Manchester,United Kingdom,2026-03-24 11:38:41,2026-03-24 20:49:03,Y
826,Freya,Bailey,freyab6@example.net,+44 7700 900429,Warrington,Cheshire,United Kingdom,2026-04-24 19:09:28,2026-04-26 02:22:11,Y
827,Eilidh,Palmer,epalmer85@example.org.uk,+44 7700 900202,Stevenage,Hertfordshire,United Kingdom,2026-01-22 03:47:03,2026-01-29 23:46:12,Y
828,Florence,Johnson,florencej828@example.org.uk,+44 7700 900140,Kendal,Cumbria,United Kingdom,2026-03-15 00:21:44,2026-04-09 03:41:12,Y
829,Grace,Roberts,grace.roberts@example.co.uk,01632 969090,Kingston upon Hull,East Riding of Yorkshire,United Kingdom,2026-03-26 06:47:34,2026-04-01 13:22:07,Y
830,Carys,Hussain,chussain@example.co.uk,+44 7700 900479,Derby,Derbyshire,United Kingdom,2026-05-21 15:39:46,2026-05-26 14:24:28,Y
831,Sophia,Chapman,sophiac831@example.com,+44 7700 900843,Sheffield,South Yorkshire,United Kingdom,2026-05-30 21:33:02,2026-06-08 02:36:20,Y
832,Sophie,Roberts,sophie.roberts83277@example.net,0161 496 0951,Crewe,Cheshire,United Kingdom,2026-06-28 19:17:03,2026-07-13 15:17:07,Y
833,Jack,Richards,jackr833@example.org.uk,0161 496 0389,Worcester,Worcestershire,United Kingdom,2026-03-11 21:54:58,2026-04-02 09:50:04,Y
834,Florence,Evans,florence.evans77@example.com,01632 969743,Canterbury,Kent,United Kingdom,2026-06-16 12:14:24,2026-07-03 10:21:21,Y
835,Luke,Edwards,ledwards46@example.co.uk,+44 7700 900093,Stevenage,Hertfordshire,United Kingdom,2026-06-02 17:05:11,2026-06-09 09:34:46,Y
836,Anya,Campbell,acampbell836@example.com,+44 7700 900013,Mansfield,Nottinghamshire,United Kingdom,2026-01-06 01:15:59,2026-01-22 10:37:30,Y
837,Theo,Walker,theo.walker@example.net,020 7946 0963,Chesterfield,Derbyshire,United Kingdom,2026-02-10 00:22:43,2026-02-21 12:03:02,Y
838,Fatima,Davies,fatimad838@example.com,0113 496 0986,Leicester,Leicestershire,United Kingdom,2026-05-09 08:51:03,2026-05-29 17:47:27,Y
839,Archie,Bailey,archie.bailey@example.co.uk,0113 496 0220,Truro,Cornwall,United Kingdom,2026-01-08 17:17:14,2026-01-13 04:14:39,Y
840,Lily,Dixon,lily.dixon840@example.co.uk,+44 7700 900750,Newcastle upon Tyne,Tyne and Wear,United Kingdom,2026-01-23 23:24:33,2026-02-23 21:04:28,Y
841,Freddie,Stewart,fstewart@example.org.uk,+44 7700 900312,Milton Keynes,Buckinghamshire,United Kingdom,2026-02-28 13:15:36,2026-03-05 02:35:34,Y
842,Katie,James,katiej18@example.com,+44 7700 900063,Stafford,Staffordshire,United Kingdom,2026-04-25 17:08:13,2026-05-15 21:45:47,Y
843,Emily,Lewis,elewis45@example.co.uk,+44 7700 900277,Banbury,Oxfordshire,United Kingdom,2026-02-21 04:19:44,2026-03-15 21:17:52,Y
844,Ben,Reid,ben.reid84471844@example.com,01632 963207,Slough,Berkshire,United Kingdom,2026-02-07 20:59:36,2026-03-09 02:19:40,Y
845,Mia,Martin,mia.martin@example.co.uk,+44 7700 900305,Worthing,West Sussex,United Kingdom,2026-01-31 05:20:53,2026-02-28 10:06:54,Y
846,Anya,Roberts,anya.roberts@example.co.uk,0131 496 0670,Oxford,Oxfordshire,United Kingdom,2026-04-16 13:19:28,2026-05-10 10:19:15,Y
847,Harper,Taylor,htaylor84@example.org.uk,01632 961098,Stevenage,Hertfordshire,United Kingdom,2026-02-18 03:08:11,2026-02-18 22:47:28,Y
848,Poppy,Watson,poppy.watson848848@example.net,+44 7700 900107,Telford,Shropshire,United Kingdom,2026-06-06 07:38:14,2026-06-14 04:39:36,Y
849,Oscar,Hall,oscarh86@example.co.uk,01632 961075,Manchester,Greater Manchester,United Kingdom,2026-05-03 04:32:54,2026-05-22 20:18:35,Y
850,Mia,Ahmed,miaa84@example.co.uk,020 7946 0539,Basingstoke,Hampshire,United Kingdom,2026-04-10 15:30:08,2026-04-15 21:44:10,Y
851,Ben,Foster,ben.foster@example.com,01632 969621,Solihull,West Midlands,United Kingdom,2026-01-04 08:26:14,2026-01-28 05:39:02,Y
852,Dylan,Bell,dbell89@example.co.uk,+44 7700 900309,Wolverhampton,West Midlands,United Kingdom,2026-02-15 14:55:39,2026-03-03 13:16:34,Y
853,Freya,Williams,freyaw30@example.com,+44 7700 900345,Stockport,Greater Manchester,United Kingdom,2026-03-05 13:25:49,2026-03-07 09:13:41,Y
854,Hannah,Murray,hannahm@example.co.uk,+44 7700 900954,Portsmouth,Hampshire,United Kingdom,2026-03-22 12:39:47,2026-04-10 08:14:20,Y
855,Ben,Ali,ben.ali85521855@example.org.uk,+44 7700 900961,Southend-on-Sea,Essex,United Kingdom,2026-06-30 01:33:06,2026-07-14 16:26:02,Y
856,Ethan,Graham,egraham82@example.co.uk,020 7946 0471,Blackpool,Lancashire,United Kingdom,2026-03-04 16:34:25,2026-03-27 18:09:49,Y
857,Michael,Bailey,michaelb@example.co.uk,+44 7700 900028,Southend-on-Sea,Essex,United Kingdom,2026-06-11 01:12:18,2026-06-25 14:08:37,Y
858,Theo,O'Brien,theo.obrien49@example.co.uk,0161 496 0064,Basildon,Essex,United Kingdom,2026-03-15 14:10:27,2026-03-25 10:08:30,Y
859,Abigail,Barker,abarker@example.com,01632 967454,Bury St Edmunds,Suffolk,United Kingdom,2026-02-06 14:53:41,2026-02-20 17:40:13,Y
860,Luke,Sharma,lsharma35@example.co.uk,+44 7700 900527,Ayr,South Ayrshire,United Kingdom,2026-05-30 22:34:08,2026-06-12 11:54:36,Y
861,Iona,Jones,ionaj60@example.co.uk,+44 7700 900622,Northampton,Northamptonshire,United Kingdom,2026-04-27 18:57:45,2026-05-26 01:54:14,Y
862,Carys,Richards,crichards@example.net,+44 7700 900749,Chesterfield,Derbyshire,United Kingdom,2026-03-24 22:41:58,2026-04-16 04:27:44,Y
863,Erin,Bennett,erin.bennett@example.co.uk,+44 7700 900740,Preston,Lancashire,United Kingdom,2026-01-30 22:28:40,2026-02-11 01:02:25,Y
864,Oliver,Newman,olivern82@example.co.uk,+44 7700 900216,Swansea,West Glamorgan,United Kingdom,2026-05-11 19:10:24,2026-05-29 07:13:13,Y
865,Jacob,Cook,jacob.cook865865@example.net,+44 7700 900015,Paisley,Renfrewshire,United Kingdom,2026-03-27 18:55:42,2026-04-23 23:06:37,Y
866,Adam,Begum,abegum59866@example.org.uk,+44 7700 900432,Stoke-on-Trent,Staffordshire,United Kingdom,2026-01-14 13:19:19,2026-02-07 03:37:59,Y
867,Adam,Morris,adamm97@example.net,+44 7700 900450,Merthyr Tydfil,Mid Glamorgan,United Kingdom,2026-02-03 06:00:39,2026-02-27 14:01:08,Y
868,Freya,Shaw,fshaw@example.org.uk,0131 496 0923,Leicester,Leicestershire,United Kingdom,2026-05-08 17:51:00,2026-05-28 09:06:13,Y
869,Archie,Macdonald,archie.macdonald869869@example.com,0113 496 0880,Banbury,Oxfordshire,United Kingdom,2026-05-02 14:26:28,2026-05-05 10:04:28,Y
870,Olivia,Edwards,oliviae@example.net,0151 496 0966,Bolton,Greater Manchester,United Kingdom,2026-05-21 08:39:40,2026-06-07 14:42:51,Y
871,Abigail,Evans,abigail.evans871871@example.net,0121 496 0026,Truro,Cornwall,United Kingdom,2026-06-17 11:02:09,2026-07-14 12:44:45,Y
872,Ryan,Hall,ryanh26@example.co.uk,+44 7700 900724,Solihull,West Midlands,United Kingdom,2026-03-18 10:58:05,2026-03-19 14:24:16,Y
873,Abigail,Davies,abigail.davies87368@example.net,+44 7700 900881,Solihull,West Midlands,United Kingdom,2026-03-14 19:42:44,2026-04-06 15:19:34,Y
874,Luke,Allen,lallen874@example.net,+44 7700 900766,Lisburn,County Antrim,United Kingdom,2026-04-27 23:37:23,2026-05-27 00:43:12,Y
875,Mohammed,Allen,mohammeda40@example.co.uk,+44 7700 900137,London,Greater London,United Kingdom,2026-04-05 12:52:04,2026-04-30 02:45:39,Y
876,Abigail,Quinn,abigail.quinn87638876@example.org.uk,+44 7700 900647,Exeter,Devon,United Kingdom,2026-05-01 04:07:44,2026-05-28 12:29:17,Y
877,Michael,Baker,michaelb@example.net,+44 7700 900733,Newcastle upon Tyne,Tyne and Wear,United Kingdom,2026-02-23 22:13:39,2026-02-25 01:50:25,N
878,Fatima,Reid,fatima.reid878878@example.co.uk,+44 7700 900410,Croydon,Greater London,United Kingdom,2026-05-16 02:30:46,2026-06-07 22:30:36,N
879,Nathan,Hunt,nathan.hunt14@example.org.uk,01632 962568,Guildford,Surrey,United Kingdom,2026-03-15 13:38:54,2026-03-25 22:12:30,N
880,Elliot,Edwards,elliot.edwards6@example.net,020 7946 0988,Leeds,West Yorkshire,United Kingdom,2026-04-01 04:39:36,2026-04-16 21:26:16,Y
881,Arjun,Owen,arjun.owen88190@example.net,01632 961362,Basildon,Essex,United Kingdom,2026-02-16 19:14:45,2026-02-26 01:14:52,Y
882,Thomas,Palmer,thomasp55@example.com,+44 7700 900004,Stirling,Stirlingshire,United Kingdom,2026-06-10 03:47:54,2026-06-16 23:14:20,Y
883,Megan,Kaur,mkaur35@example.co.uk,+44 7700 900173,Torquay,Devon,United Kingdom,2026-03-31 17:51:40,2026-04-06 18:31:52,Y
884,Freya,Doyle,freyad62@example.org.uk,+44 7700 900406,Bracknell,Berkshire,United Kingdom,2026-03-07 02:19:19,2026-03-23 19:40:08,Y
885,Rosie,Cook,rosie.cook88571@example.com,+44 7700 900029,Ipswich,Suffolk,United Kingdom,2026-06-25 10:21:25,2026-07-19 05:00:26,Y
886,Callum,Harris,callumh37886@example.com,+44 7700 900532,Derby,Derbyshire,United Kingdom,2026-02-19 10:53:21,2026-03-21 08:24:19,Y
887,Chloe,Rees,chloer@example.co.uk,0191 496 0273,Stoke-on-Trent,Staffordshire,United Kingdom,2026-01-10 20:08:30,2026-01-15 16:38:27,Y
888,David,Hill,dhill@example.com,+44 7700 900708,St Helens,Merseyside,United Kingdom,2026-03-27 14:50:52,2026-04-10 13:54:45,Y
889,Aisha,Webb,aisha.webb889@example.co.uk,+44 7700 900017,Kingston upon Hull,East Riding of Yorkshire,United Kingdom,2026-05-25 23:43:20,2026-06-12 16:44:33,Y
890,Callum,Macdonald,callum.macdonald@example.net,01632 967746,Solihull,West Midlands,United Kingdom,2026-03-26 11:04:09,2026-04-03 11:25:33,Y
891,Jacob,Johnson,jacob.johnson89159@example.org.uk,020 7946 0107,Luton,Bedfordshire,United Kingdom,2026-02-12 18:38:24,2026-02-18 13:46:19,Y
892,Chloe,Fletcher,chloe.fletcher892892@example.org.uk,+44 7700 900297,Shrewsbury,Shropshire,United Kingdom,2026-03-20 22:54:20,2026-04-12 00:11:46,Y
893,Adam,Thompson,adam.thompson@example.co.uk,+44 7700 900209,Blackburn,Lancashire,United Kingdom,2026-03-02 11:28:53,2026-04-01 20:42:26,Y
894,Liam,Knight,lknight894@example.net,020 7946 0018,Mansfield,Nottinghamshire,United Kingdom,2026-01-29 11:50:02,2026-02-22 18:48:07,Y
895,Daisy,Murray,dmurray@example.net,01632 967799,Dundee,Dundee City,United Kingdom,2026-01-07 15:57:32,2026-01-11 22:19:31,Y
896,William,Bailey,william.bailey89681@example.co.uk,+44 7700 900456,Leicester,Leicestershire,United Kingdom,2026-05-15 09:49:20,2026-05-19 13:41:53,Y
897,Sam,Ward,samw26897@example.co.uk,+44 7700 900961,Torquay,Devon,United Kingdom,2026-02-03 06:46:02,2026-02-17 19:31:57,Y
898,Willow,Doyle,wdoyle@example.com,01632 969003,Truro,Cornwall,United Kingdom,2026-01-02 09:59:02,2026-01-24 05:54:07,Y
899,Molly,Williams,mollyw@example.co.uk,+44 7700 900259,Plymouth,Devon,United Kingdom,2026-01-12 03:33:49,2026-02-03 02:52:50,Y
900,William,King,wking32@example.co.uk,+44 7700 900972,Swansea,West Glamorgan,United Kingdom,2026-03-21 20:57:13,2026-04-01 03:09:31,Y
901,Lily,Foster,lily.foster901@example.co.uk,020 7946 0027,Londonderry,County Londonderry,United Kingdom,2026-03-23 14:42:07,2026-03-31 18:52:24,Y
902,Anya,Quinn,anya.quinn3@example.co.uk,020 7946 0316,Torquay,Devon,United Kingdom,2026-06-09 17:32:06,2026-06-16 10:54:41,Y
903,Saoirse,Walker,saoirsew82@example.co.uk,+44 7700 900869,Romford,Greater London,United Kingdom,2026-02-06 22:51:18,2026-02-25 06:01:22,Y
904,Rory,Morris,rorym51904@example.co.uk,+44 7700 900052,Southport,Merseyside,United Kingdom,2026-03-28 17:28:03,2026-04-01 17:59:00,Y
905,Charlotte,Cooper,charlotte.cooper91@example.co.uk,+44 7700 900134,Wrexham,Clwyd,United Kingdom,2026-01-28 12:03:05,2026-02-11 00:14:50,Y
906,Saoirse,Green,saoirse.green@example.co.uk,0161 496 0740,Slough,Berkshire,United Kingdom,2026-06-01 20:53:44,2026-06-24 11:33:06,Y
907,Chloe,Barnes,chloe.barnes907@example.co.uk,+44 7700 900977,Dartford,Kent,United Kingdom,2026-02-20 22:48:42,2026-03-18 15:54:41,Y
908,Theo,Fletcher,theo.fletcher90837@example.org.uk,+44 7700 900399,Lancaster,Lancashire,United Kingdom,2026-04-30 18:08:05,2026-05-27 16:37:11,Y
909,Bonnie,Reid,bonnie.reid909@example.com,020 7946 0430,Manchester,Greater Manchester,United Kingdom,2026-06-25 20:45:49,2026-07-10 12:00:03,Y
910,Freddie,Bell,freddie.bell910910@example.co.uk,0114 496 0491,Barnsley,South Yorkshire,United Kingdom,2026-06-07 08:58:23,2026-06-19 14:43:21,Y
911,Joshua,Dixon,jdixon25@example.net,+44 7700 900442,Bournemouth,Dorset,United Kingdom,2026-03-25 14:31:01,2026-03-28 05:38:23,Y
912,Dylan,Johnson,dylan.johnson91241@example.co.uk,+44 7700 900542,Bury St Edmunds,Suffolk,United Kingdom,2026-02-13 09:49:22,2026-03-05 03:57:54,Y
913,Erin,Shaw,erin.shaw@example.com,+44 7700 900463,Crewe,Cheshire,United Kingdom,2026-01-28 10:35:41,2026-01-30 20:10:10,Y
914,Fatima,Shaw,fatima.shaw@example.net,0121 496 0804,Nottingham,Nottinghamshire,United Kingdom,2026-04-16 07:39:15,2026-05-03 13:09:39,Y
915,Erin,Palmer,erinp@example.net,+44 7700 900447,Livingston,West Lothian,United Kingdom,2026-02-23 22:37:27,2026-03-21 12:14:17,Y
916,Katie,Clark,katie.clark916916@example.co.uk,0121 496 0673,Bolton,Greater Manchester,United Kingdom,2026-06-27 07:11:42,2026-07-18 09:59:41,Y
917,Ruby,White,ruby.white@example.com,+44 7700 900622,Crewe,Cheshire,United Kingdom,2026-05-05 03:37:38,2026-05-19 14:12:44,Y
918,Maisie,Harris,maisie.harris47918@example.com,+44 7700 900515,Bury St Edmunds,Suffolk,United Kingdom,2026-02-15 09:25:04,2026-03-06 13:08:56,Y
919,Rhys,Singh,rsingh93@example.com,+44 7700 900898,Inverness,Highland,United Kingdom,2026-04-08 10:31:41,2026-04-29 11:36:54,Y
920,Max,Green,max.green920@example.com,+44 7700 900642,Lancaster,Lancashire,United Kingdom,2026-05-29 20:51:00,2026-06-23 01:33:09,Y
921,Priya,Fletcher,pfletcher17@example.co.uk,020 7946 0105,Basildon,Essex,United Kingdom,2026-03-16 12:39:36,2026-03-30 18:53:19,Y
922,Daisy,Hunt,daisyh@example.co.uk,+44 7700 900039,Wolverhampton,West Midlands,United Kingdom,2026-03-18 18:50:58,2026-04-09 04:49:57,Y
923,Dylan,Holmes,dylanh@example.co.uk,+44 7700 900626,Luton,Bedfordshire,United Kingdom,2026-03-30 02:37:00,2026-04-18 19:02:54,Y
924,Ewan,Roberts,ewan.roberts92487924@example.co.uk,+44 7700 900399,Bangor,County Down,United Kingdom,2026-03-17 01:23:57,2026-04-03 02:24:42,Y
925,George,Bell,georgeb44@example.com,+44 7700 900398,Telford,Shropshire,United Kingdom,2026-04-02 03:55:18,2026-04-29 04:10:45,Y
926,Elsie,Ross,elsie.ross926@example.co.uk,0131 496 0005,York,North Yorkshire,United Kingdom,2026-04-11 20:20:45,2026-04-24 08:45:12,Y
927,Mia,Taylor,miat@example.org.uk,+44 7700 900078,Sunderland,Tyne and Wear,United Kingdom,2026-06-19 05:30:08,2026-06-25 22:55:01,Y
928,Aisha,Hughes,ahughes46@example.net,020 7946 0876,Bristol,Bristol,United Kingdom,2026-04-17 04:18:55,2026-05-08 08:26:55,Y
929,Megan,Sharma,msharma@example.co.uk,020 7946 0805,Paisley,Renfrewshire,United Kingdom,2026-01-05 04:46:56,2026-01-21 02:14:04,Y
930,Eilidh,Quinn,eilidh.quinn930@example.co.uk,+44 7700 900226,Paisley,Renfrewshire,United Kingdom,2026-06-14 13:55:29,2026-07-13 12:34:28,Y
931,Zara,Turner,zarat@example.com,0191 496 0475,Wakefield,West Yorkshire,United Kingdom,2026-02-16 14:32:27,2026-03-06 04:56:49,Y
932,Eilidh,Bell,eilidh.bell932932@example.com,0151 496 0844,Swindon,Wiltshire,United Kingdom,2026-04-19 19:00:36,2026-05-05 18:16:21,Y
933,Bonnie,Campbell,bonnie.campbell93325@example.com,+44 7700 900259,Leicester,Leicestershire,United Kingdom,2026-04-16 17:36:23,2026-04-17 19:12:53,Y
934,Oscar,Reid,oscar.reid@example.co.uk,020 7946 0141,Bedford,Bedfordshire,United Kingdom,2026-01-29 18:30:44,2026-01-31 23:17:30,Y
935,Harry,Barnes,harry.barnes93547@example.net,0191 496 0997,Sunderland,Tyne and Wear,United Kingdom,2026-03-13 14:33:05,2026-03-30 09:38:20,Y
936,Jessica,Wright,jessica.wright@example.net,+44 7700 900335,Londonderry,County Londonderry,United Kingdom,2026-06-19 21:04:43,2026-07-10 14:56:20,Y
937,Bonnie,Byrne,bonnie.byrne@example.co.uk,+44 7700 900488,Bath,Somerset,United Kingdom,2026-01-14 10:34:49,2026-01-15 02:04:21,Y
938,Ava,Taylor,ataylor@example.com,01632 964852,Luton,Bedfordshire,United Kingdom,2026-05-27 23:21:26,2026-06-08 08:39:36,Y
939,Noah,Taylor,noah.taylor939@example.co.uk,+44 7700 900211,Worthing,West Sussex,United Kingdom,2026-06-02 23:19:46,2026-06-28 17:35:49,Y
940,Molly,Moore,molly.moore94060@example.co.uk,0114 496 0223,Watford,Hertfordshire,United Kingdom,2026-05-29 05:36:03,2026-06-19 15:27:50,Y
941,Henry,Morgan,henry.morgan94118941@example.net,+44 7700 900559,Basildon,Essex,United Kingdom,2026-03-15 15:05:08,2026-03-31 17:59:58,Y
942,William,Ali,wali@example.co.uk,+44 7700 900102,Oldham,Greater Manchester,United Kingdom,2026-02-03 19:17:17,2026-03-03 03:18:04,Y
943,Poppy,James,poppyj@example.co.uk,+44 7700 900050,Birkenhead,Merseyside,United Kingdom,2026-02-14 18:47:09,2026-03-08 09:11:00,Y
944,Nancy,Holmes,nancy.holmes94435944@example.net,+44 7700 900193,Shrewsbury,Shropshire,United Kingdom,2026-06-29 07:31:11,2026-07-25 00:26:13,Y
945,Max,Hussain,max.hussain92@example.co.uk,0117 496 0675,Aberdeen,Aberdeen City,United Kingdom,2026-01-22 04:38:59,2026-02-17 09:32:30,Y
946,Owen,Grant,oweng@example.co.uk,+44 7700 900310,Plymouth,Devon,United Kingdom,2026-04-16 12:15:42,2026-05-01 11:55:52,Y
947,Florence,Reid,florence.reid@example.org.uk,020 7946 0805,Inverness,Highland,United Kingdom,2026-03-30 01:41:16,2026-04-23 04:44:26,Y
948,Owen,Green,ogreen95@example.co.uk,01632 961680,Doncaster,South Yorkshire,United Kingdom,2026-05-02 09:30:47,2026-06-02 02:45:11,Y
949,Thomas,O'Brien,thomas.obrien@example.net,+44 7700 900678,Loughborough,Leicestershire,United Kingdom,2026-04-10 15:16:09,2026-04-27 04:16:27,Y
950,Eilidh,Jackson,eilidhj40@example.co.uk,+44 7700 900258,Poole,Dorset,United Kingdom,2026-04-25 12:43:20,2026-05-26 05:26:22,Y
951,Fraser,Hussain,fraser.hussain951@example.co.uk,+44 7700 900260,Lisburn,County Antrim,United Kingdom,2026-05-17 20:22:54,2026-05-31 16:21:35,Y
952,Reggie,Ross,reggier952@example.co.uk,+44 7700 900788,Enfield,Greater London,United Kingdom,2026-03-27 08:17:51,2026-03-30 16:59:28,Y
953,Iona,Morris,iona.morris24@example.net,020 7946 0579,Gloucester,Gloucestershire,United Kingdom,2026-06-22 23:15:46,2026-07-14 18:04:58,Y
954,Mia,Singh,mia.singh@example.co.uk,+44 7700 900888,Milton Keynes,Buckinghamshire,United Kingdom,2026-06-23 22:11:20,2026-07-10 22:54:20,Y
955,Florence,Cook,florence.cook92@example.co.uk,0115 496 0970,Hastings,East Sussex,United Kingdom,2026-01-04 13:06:33,2026-01-08 10:34:55,Y
956,Nathan,Harris,nathanh56@example.com,+44 7700 900498,Worthing,West Sussex,United Kingdom,2026-03-14 08:12:02,2026-03-15 03:17:05,Y
957,Aoife,Harrison,aoifeh@example.co.uk,+44 7700 900297,Ipswich,Suffolk,United Kingdom,2026-06-18 06:38:40,2026-06-22 04:45:45,Y
958,Ryan,Miller,ryan.miller958@example.co.uk,+44 7700 900416,Peterborough,Cambridgeshire,United Kingdom,2026-02-03 12:42:48,2026-03-04 09:19:39,N
959,Michael,Morgan,mmorgan@example.co.uk,0151 496 0161,Londonderry,County Londonderry,United Kingdom,2026-01-29 22:11:16,2026-02-08 12:54:15,Y
960,Grace,Bennett,graceb97@example.com,029 496 0219,Rotherham,South Yorkshire,United Kingdom,2026-04-27 08:49:27,2026-05-20 06:39:16,Y
961,Freya,Fraser,freya.fraser96179961@example.com,+44 7700 900884,York,North Yorkshire,United Kingdom,2026-02-11 02:17:49,2026-02-12 14:42:10,N
962,Eilidh,Ahmed,eilidh.ahmed962@example.org.uk,+44 7700 900060,Lincoln,Lincolnshire,United Kingdom,2026-03-08 08:11:28,2026-03-11 00:10:40,Y
963,Dylan,Kaur,dylan.kaur@example.net,+44 7700 900731,Mansfield,Nottinghamshire,United Kingdom,2026-02-15 20:31:06,2026-02-20 14:20:33,Y
964,Arjun,Fraser,afraser@example.net,+44 7700 900554,Worcester,Worcestershire,United Kingdom,2026-06-14 03:58:28,2026-07-06 12:04:30,Y
965,Mohammed,Kaur,mohammed.kaur95@example.co.uk,+44 7700 900025,Chelmsford,Essex,United Kingdom,2026-05-27 23:16:49,2026-06-11 00:14:20,Y
966,Rosie,Graham,rgraham@example.co.uk,01632 965468,Leicester,Leicestershire,United Kingdom,2026-06-13 00:59:02,2026-07-04 13:16:11,Y
967,Arthur,Ross,aross61@example.co.uk,+44 7700 900405,Winchester,Hampshire,United Kingdom,2026-04-11 18:00:32,2026-05-04 09:30:59,Y
968,Erin,Bell,erin.bell96862@example.co.uk,0115 496 0859,Eastbourne,East Sussex,United Kingdom,2026-01-18 17:14:00,2026-01-31 16:06:49,Y
969,Jack,Thompson,jack.thompson@example.co.uk,+44 7700 900443,Chelmsford,Essex,United Kingdom,2026-05-26 17:59:22,2026-06-06 15:18:47,Y
970,Alfie,Griffiths,alfie.griffiths97062970@example.org.uk,+44 7700 900985,Leicester,Leicestershire,United Kingdom,2026-06-15 02:23:34,2026-07-12 12:29:27,Y
971,Luke,Bailey,luke.bailey37@example.com,+44 7700 900405,Manchester,Greater Manchester,United Kingdom,2026-03-16 20:12:11,2026-04-02 21:36:53,Y
972,Nathan,Smith,nathans@example.co.uk,01632 961885,Chester,Cheshire,United Kingdom,2026-06-28 12:57:06,2026-07-19 11:19:37,Y
973,Daisy,Baker,dbaker95@example.org.uk,+44 7700 900606,St Helens,Merseyside,United Kingdom,2026-06-11 14:47:12,2026-06-15 15:59:13,Y
974,Liam,Parker,liam.parker97471@example.net,+44 7700 900302,Leeds,West Yorkshire,United Kingdom,2026-06-01 07:31:24,2026-06-04 01:12:43,Y
975,Callum,Turner,callum.turner975975@example.com,01632 967938,Newport,Gwent,United Kingdom,2026-04-26 00:02:21,2026-04-27 10:53:07,Y
976,Fatima,Sharma,fsharma@example.org.uk,020 7946 0510,Crawley,West Sussex,United Kingdom,2026-01-31 06:51:41,2026-02-21 23:21:24,Y
977,Ryan,Palmer,ryan.palmer74@example.com,+44 7700 900438,Chester,Cheshire,United Kingdom,2026-05-18 04:47:37,2026-05-25 06:50:24,Y
978,Katie,Murray,katie.murray978@example.co.uk,+44 7700 900744,Bedford,Bedfordshire,United Kingdom,2026-06-17 00:30:58,2026-07-16 19:33:13,Y
979,Katie,Brown,katie.brown97963@example.co.uk,+44 7700 900036,Enfield,Greater London,United Kingdom,2026-02-03 00:11:40,2026-02-04 10:04:30,Y
980,Fatima,Robinson,frobinson@example.com,020 7946 0942,St Helens,Merseyside,United Kingdom,2026-06-06 05:53:37,2026-06-08 09:01:08,Y
981,Joshua,Clark,jclark@example.co.uk,+44 7700 900442,Stafford,Staffordshire,United Kingdom,2026-06-07 07:04:51,2026-06-13 20:26:42,Y
982,Adam,James,ajames15@example.co.uk,+44 7700 900097,Bangor,County Down,United Kingdom,2026-06-23 12:20:07,2026-07-15 06:54:15,Y
983,Jack,Allen,jack.allen98396@example.net,020 7946 0708,Blackpool,Lancashire,United Kingdom,2026-02-24 01:37:11,2026-03-06 03:44:28,Y
984,Ivy,Hussain,ivy.hussain9847@example.co.uk,+44 7700 900559,Norwich,Norfolk,United Kingdom,2026-04-17 05:44:23,2026-05-04 11:12:38,Y
985,Owen,Marshall,owen.marshall98588@example.com,01632 969543,Bradford,West Yorkshire,United Kingdom,2026-01-11 04:06:50,2026-02-08 00:46:14,Y
986,Daisy,Morgan,daisym97@example.co.uk,01632 966923,Bournemouth,Dorset,United Kingdom,2026-01-05 15:05:00,2026-01-05 21:04:05,Y
987,James,Phillips,james.phillips987@example.com,+44 7700 900729,Guildford,Surrey,United Kingdom,2026-06-01 09:26:44,2026-06-27 01:10:52,Y
988,Thomas,Khan,thomas.khan98882@example.co.uk,0115 496 0261,Newport,Gwent,United Kingdom,2026-06-13 08:33:28,2026-06-26 15:45:07,Y
989,Charlotte,Chowdhury,charlotte.chowdhury989@example.co.uk,+44 7700 900866,Crewe,Cheshire,United Kingdom,2026-06-02 05:45:31,2026-06-21 08:26:23,Y
990,Rosie,Hussain,rosie.hussain99079@example.com,+44 7700 900607,Doncaster,South Yorkshire,United Kingdom,2026-03-31 13:00:35,2026-04-07 19:08:08,N
991,Jack,Stewart,jacks991@example.co.uk,+44 7700 900884,Wrexham,Clwyd,United Kingdom,2026-06-08 11:55:48,2026-06-26 04:10:17,Y
992,Reggie,Roberts,reggie.roberts35992@example.org.uk,+44 7700 900193,Livingston,West Lothian,United Kingdom,2026-06-18 06:17:03,2026-06-24 10:07:12,Y
993,Iona,Clark,iona.clark7@example.com,+44 7700 900734,Slough,Berkshire,United Kingdom,2026-05-02 15:11:10,2026-05-23 16:14:51,Y
994,Charlotte,Macdonald,charlottem@example.co.uk,+44 7700 900499,Ayr,South Ayrshire,United Kingdom,2026-02-23 13:16:21,2026-03-15 03:18:27,Y
995,Daisy,Evans,devans@example.com,+44 7700 900692,Bracknell,Berkshire,United Kingdom,2026-05-18 05:10:50,2026-05-18 20:42:57,Y
996,Elliot,Dixon,edixon@example.net,+44 7700 900468,Rotherham,South Yorkshire,United Kingdom,2026-03-02 23:28:37,2026-03-21 09:54:49,Y
997,Conor,Allen,callen39@example.com,+44 7700 900970,Solihull,West Midlands,United Kingdom,2026-03-25 07:49:07,2026-04-04 14:55:22,Y
998,Arjun,Robinson,arobinson@example.org.uk,0114 496 0279,Plymouth,Devon,United Kingdom,2026-02-21 12:57:14,2026-02-24 04:34:45,Y
999,Ivy,Phillips,iphillips@example.co.uk,01632 964432,Great Yarmouth,Norfolk,United Kingdom,2026-04-22 04:13:59,2026-05-11 18:25:23,Y
1000,Reggie,Richards,reggie.richards10001000@example.org.uk,+44 7700 900327,Shrewsbury,Shropshire,United Kingdom,2026-04-28 23:12:40,2026-05-10 07:25:01,Y
1001,Amelia,Bailey,amelia.bailey100164@example.co.uk,020 7946 0306,Edinburgh,City of Edinburgh,United Kingdom,2026-06-27 18:03:17,2026-07-01 21:57:46,Y
1002,Jacob,Graham,jgraham@example.co.uk,020 7946 0238,Slough,Berkshire,United Kingdom,2026-02-13 10:14:56,2026-02-23 05:25:46,Y
1003,Thomas,Webb,thomas.webb1003@example.com,01632 969163,St Albans,Hertfordshire,United Kingdom,2026-06-06 05:36:35,2026-07-03 12:42:01,Y
1004,Abigail,Harris,abigail.harris100462@example.co.uk,+44 7700 900611,Southport,Merseyside,United Kingdom,2026-05-06 06:37:30,2026-06-01 20:54:30,Y
1005,Dylan,Morgan,dylan.morgan100553@example.co.uk,020 7946 0117,Hastings,East Sussex,United Kingdom,2026-03-05 07:20:27,2026-03-23 15:18:26,Y
1006,Emily,Morris,emilym@example.net,01632 964546,Guildford,Surrey,United Kingdom,2026-02-08 18:57:00,2026-02-21 19:59:30,Y
1007,Poppy,Hill,poppyh38@example.co.uk,+44 7700 900522,Wrexham,Clwyd,United Kingdom,2026-05-10 01:27:33,2026-05-22 17:19:24,Y
1008,Charlie,Cook,charlie.cook@example.com,01632 961442,Basingstoke,Hampshire,United Kingdom,2026-01-26 14:31:15,2026-01-29 08:19:15,Y
1009,Lucy,Morris,lucy.morris151009@example.com,+44 7700 900712,Leicester,Leicestershire,United Kingdom,2026-04-15 06:08:22,2026-04-24 13:49:27,Y
1010,Jessica,Chowdhury,jessica.chowdhury1010@example.com,+44 7700 900221,Paisley,Renfrewshire,United Kingdom,2026-06-21 09:10:45,2026-07-06 03:58:22,Y
1011,Ryan,Johnson,ryanj@example.co.uk,+44 7700 900956,Salisbury,Wiltshire,United Kingdom,2026-04-27 14:49:08,2026-05-25 13:14:19,Y
1012,Lucy,Khan,lkhan69@example.co.uk,01632 961569,Leicester,Leicestershire,United Kingdom,2026-04-05 20:29:45,2026-04-25 21:25:25,Y
1013,Iona,Lee,ional77@example.co.uk,01632 960557,Great Yarmouth,Norfolk,United Kingdom,2026-06-26 10:33:02,2026-07-06 00:21:19,Y
1014,Rory,Green,rory.green@example.org.uk,+44 7700 900787,Portsmouth,Hampshire,United Kingdom,2026-06-06 17:36:50,2026-06-13 14:42:29,Y
1015,Poppy,Graham,poppy.graham1015@example.org.uk,+44 7700 900456,York,North Yorkshire,United Kingdom,2026-01-15 16:58:43,2026-01-26 18:06:07,Y
1016,Elsie,Edwards,elsiee3@example.co.uk,+44 7700 900239,Sheffield,South Yorkshire,United Kingdom,2026-06-08 01:23:23,2026-06-13 21:59:08,Y
1017,Luke,Lee,luke.lee7@example.co.uk,+44 7700 900991,Birmingham,West Midlands,United Kingdom,2026-02-22 04:21:15,2026-03-11 08:02:45,Y
1018,Noah,Smith,noah.smith101819@example.co.uk,+44 7700 900633,Chester,Cheshire,United Kingdom,2026-05-29 22:13:48,2026-06-22 05:34:10,Y
1019,Luke,Macdonald,luke.macdonald1019@example.co.uk,+44 7700 900680,Banbury,Oxfordshire,United Kingdom,2026-05-09 21:27:17,2026-05-10 23:50:39,Y
1020,Abigail,Wood,abigailw27@example.org.uk,+44 7700 900956,Torquay,Devon,United Kingdom,2026-05-09 16:53:07,2026-05-25 15:27:50,Y
1021,Rosie,Fraser,rosie.fraser@example.com,01632 965778,Oxford,Oxfordshire,United Kingdom,2026-03-16 14:39:23,2026-04-11 12:24:14,N
1022,Evie,Rees,evie.rees102234@example.net,01632 967272,Winchester,Hampshire,United Kingdom,2026-01-17 06:57:56,2026-01-31 09:03:21,Y
1023,Sam,Fletcher,sam.fletcher88@example.co.uk,+44 7700 900118,Rotherham,South Yorkshire,United Kingdom,2026-03-15 02:06:10,2026-03-23 05:50:19,Y
1024,Saoirse,Williams,saoirse.williams@example.org.uk,+44 7700 900172,Bournemouth,Dorset,United Kingdom,2026-02-22 16:40:01,2026-03-04 06:23:35,Y
1025,George,Stewart,george.stewart102558@example.co.uk,020 7946 0921,Lisburn,County Antrim,United Kingdom,2026-05-02 11:26:28,2026-05-26 07:27:46,Y
1026,Sam,Harris,samh@example.co.uk,020 7946 0478,Glasgow,Glasgow City,United Kingdom,2026-01-06 07:53:33,2026-01-26 18:20:10,Y
1027,Nathan,Edwards,nathan.edwards1027@example.co.uk,01632 968384,Salisbury,Wiltshire,United Kingdom,2026-06-15 10:31:37,2026-07-07 09:05:30,Y
1028,Poppy,Walker,poppyw20@example.com,020 7946 0013,Basildon,Essex,United Kingdom,2026-04-28 09:36:08,2026-05-26 18:46:58,Y
1029,Jack,Barker,jack.barker1029@example.org.uk,0191 496 0998,Huddersfield,West Yorkshire,United Kingdom,2026-05-04 11:18:49,2026-05-31 12:28:11,Y
1030,Andrew,Bell,andrewb89@example.co.uk,01632 965045,Gloucester,Gloucestershire,United Kingdom,2026-02-12 19:59:10,2026-03-07 13:17:21,N
1031,Ava,Marshall,avam6@example.com,01632 965399,Worthing,West Sussex,United Kingdom,2026-06-27 21:50:09,2026-07-03 04:57:11,N
1032,Saoirse,Holmes,saoirseh@example.org.uk,020 7946 0318,Doncaster,South Yorkshire,United Kingdom,2026-05-28 04:28:16,2026-06-08 09:41:51,Y
1033,Bethan,Hunt,bhunt1033@example.org.uk,01632 964513,Bangor,Gwynedd,United Kingdom,2026-06-20 10:22:09,2026-07-02 00:56:19,Y
1034,Ryan,Knight,ryank@example.co.uk,020 7946 0627,Southampton,Hampshire,United Kingdom,2026-02-01 00:25:59,2026-02-16 04:55:58,Y
1035,Harry,Ward,harry.ward103559@example.org.uk,+44 7700 900618,Crewe,Cheshire,United Kingdom,2026-01-02 23:34:32,2026-01-13 20:19:50,Y
1036,Freddie,Edwards,freddiee17@example.net,020 7946 0516,Salisbury,Wiltshire,United Kingdom,2026-03-16 18:42:09,2026-04-11 13:29:07,Y
1037,Niamh,Ali,niamh.ali1037@example.org.uk,0191 496 0567,Derby,Derbyshire,United Kingdom,2026-03-28 22:07:46,2026-04-12 23:16:29,Y
1038,Noah,O'Brien,nobrien1038@example.co.uk,+44 7700 900333,Bristol,Bristol,United Kingdom,2026-03-20 00:25:39,2026-04-15 07:54:01,Y
1039,Thomas,Barker,thomasb32@example.org.uk,01632 966900,Oldham,Greater Manchester,United Kingdom,2026-01-15 19:41:12,2026-02-03 11:56:02,Y
1040,Ruby,White,ruby.white1040@example.co.uk,0151 496 0973,St Helens,Merseyside,United Kingdom,2026-03-13 06:01:05,2026-03-30 20:44:47,N
1041,Florence,Knight,florence.knight1041@example.net,020 7946 0823,Barnsley,South Yorkshire,United Kingdom,2026-05-12 12:12:31,2026-05-23 07:51:03,Y
1042,Conor,Griffiths,conor.griffiths1042@example.com,020 7946 0043,Barnsley,South Yorkshire,United Kingdom,2026-06-20 11:25:09,2026-07-13 00:48:33,Y
1043,Andrew,Cooper,acooper@example.co.uk,0117 496 0239,Swansea,West Glamorgan,United Kingdom,2026-03-14 11:22:19,2026-03-29 04:27:32,Y
1044,Ryan,Harrison,rharrison@example.com,0114 496 0255,Maidstone,Kent,United Kingdom,2026-04-24 23:26:51,2026-05-09 08:37:42,Y
1045,Anya,Singh,asingh1045@example.net,+44 7700 900290,Coventry,West Midlands,United Kingdom,2026-04-19 23:57:26,2026-04-24 18:35:31,Y
1046,Florence,Ross,florence.ross1046@example.net,0121 496 0892,Newcastle upon Tyne,Tyne and Wear,United Kingdom,2026-03-19 15:55:33,2026-03-29 18:55:10,Y
1047,Megan,Barnes,meganb@example.com,+44 7700 900022,Ayr,South Ayrshire,United Kingdom,2026-01-23 00:26:40,2026-02-21 08:52:51,Y
1048,Isla,Grant,isla.grant@example.co.uk,0113 496 0265,Stoke-on-Trent,Staffordshire,United Kingdom,2026-05-26 04:12:11,2026-06-21 16:30:46,Y
1049,Evie,Patel,evie.patel104943@example.org.uk,+44 7700 900407,Southend-on-Sea,Essex,United Kingdom,2026-03-19 18:19:31,2026-04-06 17:48:45,Y
1050,Oliver,Moore,oliver.moore@example.org.uk,020 7946 0883,Bury St Edmunds,Suffolk,United Kingdom,2026-01-01 04:16:19,2026-02-01 01:09:59,Y
1051,Daisy,Wilson,daisy.wilson8@example.co.uk,+44 7700 900181,Kendal,Cumbria,United Kingdom,2026-06-17 21:57:18,2026-07-01 03:29:16,Y
1052,Joshua,Smith,joshua.smith1052@example.co.uk,+44 7700 900855,Plymouth,Devon,United Kingdom,2026-03-04 00:07:48,2026-03-12 15:12:26,Y
1053,Charlie,King,cking2@example.org.uk,+44 7700 900645,Stockport,Greater Manchester,United Kingdom,2026-05-29 15:36:27,2026-06-26 00:17:10,Y
1054,Mia,Bailey,miab44@example.com,0131 496 0400,London,Greater London,United Kingdom,2026-06-27 03:23:32,2026-07-20 21:25:26,Y
1055,Nancy,Williams,nancy.williams1055@example.com,0113 496 0417,Torquay,Devon,United Kingdom,2026-05-29 01:09:20,2026-06-12 23:17:42,Y
1056,Joshua,Fletcher,joshuaf@example.net,+44 7700 900957,Birmingham,West Midlands,United Kingdom,2026-03-11 11:26:40,2026-04-09 22:29:58,Y
1057,Jacob,Jackson,jjackson40@example.co.uk,+44 7700 900787,Basildon,Essex,United Kingdom,2026-06-13 02:32:12,2026-07-07 22:44:00,Y
1058,Ethan,Taylor,ethan.taylor10587@example.co.uk,0117 496 0156,Lisburn,County Antrim,United Kingdom,2026-02-12 17:20:55,2026-02-23 15:12:14,Y
1059,Mia,Shaw,mia.shaw73@example.co.uk,+44 7700 900767,Stevenage,Hertfordshire,United Kingdom,2026-06-28 22:23:06,2026-07-16 16:45:58,Y
1060,Isla,Holmes,iholmes83@example.org.uk,01632 962546,Croydon,Greater London,United Kingdom,2026-02-05 16:18:23,2026-03-02 07:44:44,Y
1061,Bethan,Ahmed,bethan.ahmed106153@example.org.uk,+44 7700 900877,Croydon,Greater London,United Kingdom,2026-02-11 03:13:09,2026-02-27 11:06:21,Y
1062,Hannah,Lee,hannahl33@example.org.uk,+44 7700 900270,Peterborough,Cambridgeshire,United Kingdom,2026-05-24 19:44:53,2026-06-24 12:39:27,Y
1063,Priya,Fletcher,priyaf1063@example.org.uk,+44 7700 900361,Worcester,Worcestershire,United Kingdom,2026-06-29 03:26:29,2026-07-28 05:34:21,Y
1064,Ben,Fraser,bfraser@example.co.uk,020 7946 0583,Stoke-on-Trent,Staffordshire,United Kingdom,2026-01-05 15:22:19,2026-01-28 02:31:11,Y
1065,Zain,Murray,zainm@example.net,01632 961577,Peterborough,Cambridgeshire,United Kingdom,2026-06-02 16:48:21,2026-06-08 15:07:22,Y
1066,Charlie,Kaur,charlie.kaur40@example.co.uk,01632 966721,Brighton,East Sussex,United Kingdom,2026-01-31 07:08:54,2026-02-22 11:53:08,Y
1067,Abigail,Graham,agraham7@example.co.uk,01632 962191,Taunton,Somerset,United Kingdom,2026-02-23 04:05:27,2026-03-17 07:09:28,Y
1068,Dylan,Fletcher,dylanf@example.com,+44 7700 900162,Sunderland,Tyne and Wear,United Kingdom,2026-04-21 01:12:06,2026-04-22 22:44:43,Y
1069,Rosie,Jackson,rosiej@example.net,+44 7700 900668,Southport,Merseyside,United Kingdom,2026-01-31 08:02:04,2026-02-10 05:02:52,Y
1070,Willow,Baker,willow.baker107098@example.co.uk,01632 962765,Southend-on-Sea,Essex,United Kingdom,2026-02-01 19:13:37,2026-03-02 01:25:19,Y
1071,Megan,Martin,meganm1071@example.co.uk,+44 7700 900187,Leeds,West Yorkshire,United Kingdom,2026-01-24 04:54:47,2026-02-23 13:32:09,Y
1072,Noah,Hughes,noah.hughes107287@example.co.uk,+44 7700 900268,Cambridge,Cambridgeshire,United Kingdom,2026-05-09 23:39:15,2026-05-26 17:43:21,Y
1073,Lily,Powell,lilyp@example.co.uk,029 496 0499,Dundee,Dundee City,United Kingdom,2026-01-04 16:13:45,2026-01-11 01:24:42,Y
1074,Grace,Gibson,grace.gibson1074@example.com,+44 7700 900492,Woking,Surrey,United Kingdom,2026-01-02 23:06:59,2026-01-09 16:01:44,Y
1075,Zain,Ward,zain.ward1075@example.co.uk,+44 7700 900041,Manchester,Greater Manchester,United Kingdom,2026-06-28 18:11:28,2026-07-19 21:23:21,Y
1076,Olivia,Fraser,ofraser531076@example.co.uk,+44 7700 900346,Blackburn,Lancashire,United Kingdom,2026-04-08 13:13:32,2026-04-16 02:21:20,N
1077,Toby,White,tobyw@example.com,01632 969876,Eastbourne,East Sussex,United Kingdom,2026-02-01 14:07:33,2026-02-06 05:55:56,Y
1078,Florence,Watson,fwatson89@example.net,+44 7700 900598,Bradford,West Yorkshire,United Kingdom,2026-05-23 23:02:05,2026-06-03 14:09:29,Y
1079,Niamh,Wilson,nwilson@example.co.uk,+44 7700 900956,Bolton,Greater Manchester,United Kingdom,2026-06-03 23:19:43,2026-06-30 13:34:18,Y
1080,Sophie,Mason,smason@example.co.uk,0117 496 0193,Swindon,Wiltshire,United Kingdom,2026-04-20 06:54:04,2026-05-18 22:37:27,Y
1081,Zara,Bell,zara.bell108110@example.net,+44 7700 900129,Wolverhampton,West Midlands,United Kingdom,2026-06-22 15:43:06,2026-07-05 06:16:48,Y
1082,Megan,Williams,megan.williams@example.co.uk,0191 496 0166,Banbury,Oxfordshire,United Kingdom,2026-01-31 04:25:25,2026-02-22 22:32:12,Y
1083,Liam,Grant,liam.grant31@example.net,020 7946 0493,Colchester,Essex,United Kingdom,2026-02-13 02:23:12,2026-02-23 09:02:06,N
1084,Sam,Begum,samb58@example.co.uk,+44 7700 900200,Taunton,Somerset,United Kingdom,2026-02-01 07:53:27,2026-02-24 23:11:15,Y
1085,Toby,Newman,tnewman10@example.co.uk,+44 7700 900641,Bangor,Gwynedd,United Kingdom,2026-05-29 18:17:48,2026-06-24 14:43:10,Y
1086,Rory,Griffiths,rory.griffiths1086@example.co.uk,+44 7700 900464,Harrogate,North Yorkshire,United Kingdom,2026-06-04 12:31:32,2026-06-12 17:21:01,Y
1087,Lucy,Wilson,lucyw88@example.co.uk,01632 962194,Doncaster,South Yorkshire,United Kingdom,2026-03-06 15:31:14,2026-03-26 19:32:20,Y
1088,Oscar,Hall,oscarh@example.com,+44 7700 900486,Derby,Derbyshire,United Kingdom,2026-01-18 15:43:01,2026-01-24 04:21:44,Y
1089,Charlie,Kaur,charlie.kaur@example.co.uk,+44 7700 900850,Bournemouth,Dorset,United Kingdom,2026-03-19 19:39:06,2026-04-12 22:21:54,Y
1090,Callum,Ward,cward@example.co.uk,+44 7700 900330,Oldham,Greater Manchester,United Kingdom,2026-05-07 14:12:18,2026-05-29 05:43:50,Y
1091,George,Newman,george.newman1@example.co.uk,+44 7700 900760,Newport,Gwent,United Kingdom,2026-03-29 17:34:01,2026-04-28 19:01:57,Y
1092,Toby,Moore,toby.moore@example.co.uk,+44 7700 900442,Salisbury,Wiltshire,United Kingdom,2026-04-09 14:20:54,2026-04-22 04:49:56,Y
1093,Maisie,Evans,maisie.evans109360@example.net,0121 496 0631,Great Yarmouth,Norfolk,United Kingdom,2026-05-23 21:55:49,2026-06-02 20:06:20,Y
1094,Raj,Griffiths,raj.griffiths@example.co.uk,+44 7700 900096,Woking,Surrey,United Kingdom,2026-03-21 22:24:31,2026-04-15 02:01:14,Y
1095,Rory,Webb,roryw85@example.co.uk,01632 965212,Salisbury,Wiltshire,United Kingdom,2026-05-22 21:34:36,2026-06-07 13:10:30,Y
1096,Rosie,Lewis,rosiel1096@example.co.uk,+44 7700 900885,Cambridge,Cambridgeshire,United Kingdom,2026-01-15 12:16:31,2026-02-03 00:56:14,Y
1097,Sophie,Smith,sophie.smith90@example.co.uk,0121 496 0173,Barnsley,South Yorkshire,United Kingdom,2026-03-14 10:03:01,2026-04-01 11:11:54,Y
1098,Ivy,Brown,ivy.brown1098@example.org.uk,+44 7700 900909,Warrington,Cheshire,United Kingdom,2026-05-30 00:48:57,2026-06-19 11:13:03,Y
1099,Charlotte,Foster,charlottef661099@example.com,020 7946 0011,Bangor,Gwynedd,United Kingdom,2026-04-02 13:22:03,2026-04-23 20:37:18,Y
1100,Archie,Kelly,archie.kelly29@example.co.uk,0114 496 0922,York,North Yorkshire,United Kingdom,2026-06-01 02:58:44,2026-06-03 12:06:05,Y
1101,Ava,Hughes,ava.hughes11011101@example.org.uk,+44 7700 900995,Barnsley,South Yorkshire,United Kingdom,2026-05-18 10:02:29,2026-06-08 23:39:01,Y
1102,Eilidh,Shaw,eilidhs@example.co.uk,0121 496 0834,Wolverhampton,West Midlands,United Kingdom,2026-03-10 00:44:30,2026-03-28 01:04:54,Y
1103,Erin,Singh,esingh481103@example.com,020 7946 0886,Bristol,Bristol,United Kingdom,2026-03-24 18:06:51,2026-04-08 21:51:34,Y
1104,Hannah,Ward,hannah.ward1104@example.co.uk,+44 7700 900147,Merthyr Tydfil,Mid Glamorgan,United Kingdom,2026-05-08 16:51:48,2026-05-30 03:02:27,Y
1105,Amelia,Watson,awatson@example.org.uk,01632 967372,Gateshead,Tyne and Wear,United Kingdom,2026-04-22 06:31:40,2026-05-19 09:25:34,Y
1106,Max,Byrne,max.byrne110694@example.co.uk,+44 7700 900339,Poole,Dorset,United Kingdom,2026-03-15 08:03:19,2026-04-02 20:54:33,Y
1107,Carys,Knight,carys.knight110793@example.net,+44 7700 900446,Bracknell,Berkshire,United Kingdom,2026-01-24 22:54:37,2026-01-28 17:15:54,Y
1108,William,Byrne,williamb1108@example.org.uk,01632 966845,Blackburn,Lancashire,United Kingdom,2026-05-16 15:27:13,2026-05-27 18:09:05,Y
1109,George,Johnson,george.johnson11091109@example.net,+44 7700 900726,Southampton,Hampshire,United Kingdom,2026-03-18 13:42:34,2026-03-28 20:08:59,Y
1110,George,Wilson,georgew@example.co.uk,+44 7700 900980,Watford,Hertfordshire,United Kingdom,2026-05-12 14:42:48,2026-05-29 20:38:49,Y
1111,Chloe,Singh,chloe.singh111127@example.co.uk,+44 7700 900036,Bristol,Bristol,United Kingdom,2026-05-13 05:36:31,2026-05-20 03:29:18,Y
1112,Priya,Clark,priya.clark111230@example.net,+44 7700 900325,Livingston,West Lothian,United Kingdom,2026-03-10 20:34:51,2026-03-30 10:34:27,Y
1113,Zain,Allen,zaina7@example.com,020 7946 0578,Southport,Merseyside,United Kingdom,2026-01-16 16:12:23,2026-01-30 20:27:32,Y
1114,Aoife,Gibson,aoife.gibson2@example.co.uk,+44 7700 900429,Ipswich,Suffolk,United Kingdom,2026-03-18 13:26:20,2026-04-14 16:06:33,Y
1115,Aoife,Turner,aoife.turner1115@example.org.uk,+44 7700 900874,Luton,Bedfordshire,United Kingdom,2026-03-10 09:41:10,2026-03-19 07:19:25,Y
1116,Mia,Ahmed,mia.ahmed@example.co.uk,020 7946 0354,Stoke-on-Trent,Staffordshire,United Kingdom,2026-01-30 04:12:01,2026-02-06 13:41:32,Y
1117,Katie,Thompson,katie.thompson11171117@example.co.uk,01632 966162,Newport,Gwent,United Kingdom,2026-04-22 13:41:57,2026-04-23 19:52:14,Y
1118,Daisy,Foster,daisyf331118@example.net,020 7946 0584,Worthing,West Sussex,United Kingdom,2026-03-08 08:42:35,2026-03-14 05:36:37,N
1119,Anya,Parker,aparker@example.net,01632 966316,Aberdeen,Aberdeen City,United Kingdom,2026-05-05 00:03:55,2026-06-02 02:24:33,Y
1120,Carys,Grant,carysg@example.net,+44 7700 900195,Milton Keynes,Buckinghamshire,United Kingdom,2026-01-17 13:57:23,2026-02-08 11:53:28,Y
1121,Dylan,Cooper,dylanc@example.co.uk,+44 7700 900429,Poole,Dorset,United Kingdom,2026-02-05 07:07:36,2026-03-01 00:06:43,Y
1122,Elliot,Palmer,epalmer@example.co.uk,+44 7700 900289,Dartford,Kent,United Kingdom,2026-05-29 16:16:31,2026-06-26 18:32:09,Y
1123,Harper,Thompson,harper.thompson1123@example.co.uk,0117 496 0343,Reading,Berkshire,United Kingdom,2026-03-22 10:53:37,2026-04-14 23:45:24,Y
1124,Amelia,Bell,amelia.bell1124@example.co.uk,+44 7700 900263,Leeds,West Yorkshire,United Kingdom,2026-04-19 06:09:06,2026-04-24 12:26:34,Y
1125,Isla,Smith,isla.smith11259@example.net,+44 7700 900744,Bournemouth,Dorset,United Kingdom,2026-05-31 01:31:34,2026-06-11 23:38:54,Y
1126,Mohammed,Fraser,mohammedf1126@example.co.uk,+44 7700 900277,Canterbury,Kent,United Kingdom,2026-05-02 21:15:17,2026-05-31 01:38:47,Y
1127,Ruby,Singh,ruby.singh11271127@example.net,+44 7700 900645,Dundee,Dundee City,United Kingdom,2026-03-20 00:41:57,2026-04-08 02:35:44,Y
1128,Molly,O'Brien,mollyo1128@example.net,+44 7700 900867,Southport,Merseyside,United Kingdom,2026-01-14 22:58:50,2026-02-05 06:15:25,Y
1129,Bethan,Gibson,bethan.gibson1129@example.net,01632 963394,Stafford,Staffordshire,United Kingdom,2026-06-13 22:23:57,2026-07-09 19:31:31,Y
1130,Rory,Moore,rory.moore1130611130@example.co.uk,01632 967958,Glasgow,Glasgow City,United Kingdom,2026-04-24 12:00:58,2026-05-25 01:00:56,Y
1131,Adam,Newman,adam.newman1131@example.co.uk,+44 7700 900976,Loughborough,Leicestershire,United Kingdom,2026-01-24 07:19:13,2026-02-20 13:17:41,Y
1132,Hannah,Harris,hharris31@example.co.uk,0151 496 0555,Southport,Merseyside,United Kingdom,2026-06-14 13:50:02,2026-06-22 16:42:51,Y
1133,Jack,Hall,jackh25@example.co.uk,01632 965291,Winchester,Hampshire,United Kingdom,2026-05-01 23:26:59,2026-05-28 10:12:26,Y
1134,Henry,Harrison,henryh1134@example.org.uk,0161 496 0022,Sheffield,South Yorkshire,United Kingdom,2026-01-26 05:44:16,2026-02-11 08:06:42,Y
1135,Megan,Phillips,mphillips52@example.com,+44 7700 900639,Peterborough,Cambridgeshire,United Kingdom,2026-05-21 23:20:29,2026-06-13 00:08:32,Y
1136,Conor,Miller,conor.miller1136131136@example.co.uk,+44 7700 900731,Bolton,Greater Manchester,United Kingdom,2026-02-17 20:28:50,2026-03-10 00:29:15,Y
1137,Max,Mason,maxm931137@example.co.uk,+44 7700 900719,Leeds,West Yorkshire,United Kingdom,2026-03-20 10:36:05,2026-03-23 15:51:38,Y
1138,Ruby,Lewis,ruby.lewis1138@example.co.uk,0161 496 0906,Middlesbrough,North Yorkshire,United Kingdom,2026-06-16 04:54:38,2026-07-07 18:44:58,Y
1139,Erin,O'Brien,eobrien@example.co.uk,029 496 0544,Crewe,Cheshire,United Kingdom,2026-02-04 08:11:43,2026-02-22 19:03:01,Y
1140,Oliver,Morgan,omorgan11@example.org.uk,0131 496 0441,Warrington,Cheshire,United Kingdom,2026-04-17 11:11:25,2026-05-16 00:05:21,Y
1141,Aisha,Chowdhury,aisha.chowdhury671141@example.co.uk,+44 7700 900994,Swansea,West Glamorgan,United Kingdom,2026-01-06 00:59:35,2026-01-26 20:39:49,Y
1142,Mia,Sharma,mia.sharma@example.org.uk,+44 7700 900250,Norwich,Norfolk,United Kingdom,2026-04-29 06:16:44,2026-05-26 11:20:09,Y
1143,Arjun,Morris,amorris19@example.com,+44 7700 900280,Chesterfield,Derbyshire,United Kingdom,2026-06-03 08:09:05,2026-07-03 19:19:41,Y
1144,Theo,Ross,tross80@example.net,020 7946 0013,Merthyr Tydfil,Mid Glamorgan,United Kingdom,2026-05-15 13:49:58,2026-06-14 04:42:41,Y
1145,Zain,Macdonald,zmacdonald@example.co.uk,+44 7700 900415,Rotherham,South Yorkshire,United Kingdom,2026-02-27 22:13:12,2026-03-30 06:31:59,Y
1146,Emily,Hunt,emily.hunt1146391146@example.co.uk,01632 961207,Southend-on-Sea,Essex,United Kingdom,2026-02-03 13:54:13,2026-02-22 20:46:31,Y
1147,Eilidh,Graham,egraham1147@example.net,+44 7700 900289,Poole,Dorset,United Kingdom,2026-02-18 13:11:26,2026-03-15 17:12:44,N
1148,Willow,Edwards,willow.edwards114895@example.net,+44 7700 900601,Derby,Derbyshire,United Kingdom,2026-03-02 19:28:58,2026-03-10 07:06:41,Y
1149,Thomas,Graham,thomasg6@example.co.uk,+44 7700 900076,Stirling,Stirlingshire,United Kingdom,2026-01-22 00:30:08,2026-02-18 11:14:33,Y
1150,Willow,Kaur,wkaur@example.co.uk,01632 964364,Cambridge,Cambridgeshire,United Kingdom,2026-04-09 22:27:47,2026-04-29 06:31:53,Y
1151,Michael,Stewart,michael.stewart115158@example.com,+44 7700 900148,Stirling,Stirlingshire,United Kingdom,2026-01-14 10:59:15,2026-01-29 22:37:57,N
1152,Florence,Palmer,florence.palmer5@example.co.uk,+44 7700 900449,Doncaster,South Yorkshire,United Kingdom,2026-06-03 22:47:51,2026-06-04 23:04:23,Y
1153,Harper,Taylor,harpert@example.net,01632 961756,Crewe,Cheshire,United Kingdom,2026-03-19 12:42:23,2026-03-24 05:45:00,Y
1154,Abigail,Mason,amason481154@example.org.uk,01632 968839,Mansfield,Nottinghamshire,United Kingdom,2026-02-13 16:31:59,2026-02-24 06:40:04,Y
1155,Aisha,Fletcher,afletcher@example.net,+44 7700 900488,Exeter,Devon,United Kingdom,2026-05-16 13:09:16,2026-05-19 23:11:24,Y
1156,Jacob,King,jking5@example.com,+44 7700 900012,St Helens,Merseyside,United Kingdom,2026-03-13 23:23:59,2026-03-27 09:21:55,Y
1157,Adam,Mason,adam.mason97@example.co.uk,01632 963790,Oldham,Greater Manchester,United Kingdom,2026-03-09 16:20:27,2026-04-06 21:41:14,N
1158,Maisie,Davis,maisied@example.net,020 7946 0418,Merthyr Tydfil,Mid Glamorgan,United Kingdom,2026-02-08 17:54:59,2026-03-02 14:46:27,Y
1159,Freya,Robinson,freyar95@example.net,+44 7700 900635,Gloucester,Gloucestershire,United Kingdom,2026-02-08 01:14:11,2026-02-09 16:30:21,Y
1160,Fraser,Martin,fraser.martin@example.org.uk,+44 7700 900875,Poole,Dorset,United Kingdom,2026-04-22 03:57:59,2026-05-07 05:26:21,N
1161,Rosie,Watson,rosie.watson54@example.co.uk,01632 965578,Taunton,Somerset,United Kingdom,2026-05-24 15:29:31,2026-05-28 15:24:40,Y
1162,James,Ward,jamesw@example.net,020 7946 0950,Birmingham,West Midlands,United Kingdom,2026-01-24 06:55:18,2026-01-29 12:42:50,Y
1163,Niamh,Chapman,niamh.chapman11631163@example.net,020 7946 0119,Slough,Berkshire,United Kingdom,2026-05-25 21:37:13,2026-06-12 22:11:02,Y
1164,Oliver,Bell,obell1164@example.co.uk,+44 7700 900540,Bury St Edmunds,Suffolk,United Kingdom,2026-04-17 02:15:49,2026-05-02 23:22:45,Y
1165,Ryan,Lee,ryanl@example.co.uk,+44 7700 900562,Leeds,West Yorkshire,United Kingdom,2026-03-14 21:43:07,2026-03-27 09:21:06,N
1166,Sophia,Shaw,sophias65@example.net,+44 7700 900874,Chelmsford,Essex,United Kingdom,2026-03-24 04:01:05,2026-04-08 02:43:35,Y
1167,Ruby,Wood,rubyw@example.org.uk,+44 7700 900234,Taunton,Somerset,United Kingdom,2026-03-10 19:42:00,2026-03-20 21:23:39,N
1168,Jessica,Barker,jessica.barker56@example.co.uk,+44 7700 900656,Stockport,Greater Manchester,United Kingdom,2026-03-25 23:46:58,2026-04-25 17:55:11,Y
1169,Reggie,Griffiths,reggieg91@example.co.uk,+44 7700 900648,Bangor,County Down,United Kingdom,2026-06-14 09:20:51,2026-06-16 08:25:26,N
1170,Isla,Doyle,islad701170@example.org.uk,01632 963281,Bracknell,Berkshire,United Kingdom,2026-04-08 02:25:16,2026-04-13 10:15:11,Y
1171,Fraser,Morgan,fraser.morgan117195@example.com,+44 7700 900953,Slough,Berkshire,United Kingdom,2026-01-06 06:10:24,2026-01-30 18:29:05,Y
1172,Olivia,Hill,olivia.hill74@example.co.uk,+44 7700 900130,Hastings,East Sussex,United Kingdom,2026-06-17 04:07:19,2026-07-02 17:55:10,Y
1173,Finley,Edwards,finley.edwards11731173@example.org.uk,+44 7700 900263,Sheffield,South Yorkshire,United Kingdom,2026-06-25 19:08:22,2026-07-16 23:01:45,Y
1174,Luke,Jones,ljones831174@example.com,020 7946 0270,Great Yarmouth,Norfolk,United Kingdom,2026-05-06 14:56:24,2026-05-21 23:33:02,Y
1175,Finley,Dixon,finleyd@example.co.uk,+44 7700 900322,Luton,Bedfordshire,United Kingdom,2026-04-19 11:39:11,2026-05-03 08:06:16,Y
1176,Nancy,Kaur,nancy.kaur@example.net,+44 7700 900186,Woking,Surrey,United Kingdom,2026-03-29 14:43:14,2026-04-19 12:28:23,Y
1177,Luke,Lewis,lukel18@example.net,020 7946 0156,Bournemouth,Dorset,United Kingdom,2026-05-15 20:41:33,2026-05-18 06:11:00,Y
1178,George,Lewis,george.lewis1178@example.com,+44 7700 900944,Bolton,Greater Manchester,United Kingdom,2026-05-03 09:09:08,2026-05-24 19:02:23,Y
1179,James,Hussain,james.hussain11791179@example.co.uk,01632 962009,Bradford,West Yorkshire,United Kingdom,2026-03-17 18:03:35,2026-03-19 19:35:41,Y
1180,Dylan,Allen,dylana90@example.co.uk,0113 496 0058,Newry,County Down,United Kingdom,2026-04-16 03:29:42,2026-05-09 22:21:58,Y
1181,Katie,Jackson,kjackson@example.com,0121 496 0241,Nottingham,Nottinghamshire,United Kingdom,2026-05-30 02:49:32,2026-05-30 06:37:14,Y
1182,Anya,Sharma,anya.sharma118279@example.com,0161 496 0462,Swansea,West Glamorgan,United Kingdom,2026-02-16 12:02:05,2026-03-02 10:21:25,Y
1183,Ivy,Wright,ivy.wright86@example.org.uk,+44 7700 900989,Birkenhead,Merseyside,United Kingdom,2026-04-27 21:28:39,2026-05-23 05:50:37,Y
1184,Harry,Singh,harry.singh1184@example.net,020 7946 0991,Swindon,Wiltshire,United Kingdom,2026-02-17 06:11:05,2026-03-13 01:28:00,Y
1185,Max,Dixon,mdixon@example.co.uk,020 7946 0608,Poole,Dorset,United Kingdom,2026-04-22 17:01:00,2026-05-04 20:01:10,Y
1186,Megan,Harris,megan.harris118622@example.co.uk,+44 7700 900186,Woking,Surrey,United Kingdom,2026-04-28 22:25:55,2026-05-20 22:04:41,Y
1187,Ewan,Thompson,ewan.thompson89@example.co.uk,0191 496 0978,Coventry,West Midlands,United Kingdom,2026-06-08 19:23:44,2026-06-30 18:07:09,Y
1188,Lily,Dixon,lily.dixon1188@example.co.uk,+44 7700 900036,Preston,Lancashire,United Kingdom,2026-01-23 04:08:00,2026-01-29 08:00:01,Y
1189,Willow,Bennett,wbennett64@example.net,+44 7700 900854,Belfast,County Antrim,United Kingdom,2026-02-18 00:13:30,2026-03-10 04:54:45,Y
1190,Jack,Doyle,jdoyle@example.co.uk,+44 7700 900442,Poole,Dorset,United Kingdom,2026-06-10 17:12:05,2026-06-20 07:21:35,Y
1191,Andrew,Davis,andrewd@example.co.uk,01632 966556,Manchester,Greater Manchester,United Kingdom,2026-01-30 05:57:09,2026-02-23 04:25:40,Y
1192,Elliot,Davis,edavis64@example.co.uk,01632 965139,Leeds,West Yorkshire,United Kingdom,2026-04-26 18:15:12,2026-05-06 13:09:05,Y
1193,Archie,Taylor,ataylor31@example.co.uk,+44 7700 900313,Manchester,Greater Manchester,United Kingdom,2026-03-27 00:06:40,2026-04-23 22:34:06,Y
1194,Fraser,Cook,fcook1194@example.org.uk,+44 7700 900448,Telford,Shropshire,United Kingdom,2026-05-29 19:46:35,2026-06-07 21:18:00,Y
1195,Nathan,Richards,nathan.richards25@example.com,+44 7700 900003,Blackpool,Lancashire,United Kingdom,2026-06-01 23:39:59,2026-06-23 14:54:44,Y
1196,Evie,Byrne,evieb@example.co.uk,020 7946 0756,Sunderland,Tyne and Wear,United Kingdom,2026-01-05 13:36:20,2026-01-22 15:54:17,Y
1197,Katie,Mason,kmason74@example.co.uk,+44 7700 900932,Birkenhead,Merseyside,United Kingdom,2026-05-02 03:31:39,2026-06-01 23:54:07,Y
1198,Elsie,Stewart,elsie.stewart@example.org.uk,0141 496 0302,Londonderry,County Londonderry,United Kingdom,2026-01-06 05:18:46,2026-01-12 20:41:14,Y
1199,Andrew,Hall,andrew.hall1199101199@example.co.uk,+44 7700 900848,Londonderry,County Londonderry,United Kingdom,2026-02-26 18:58:43,2026-03-09 14:53:36,Y
1200,Olivia,Morris,olivia.morris1200@example.org.uk,+44 7700 900535,Luton,Bedfordshire,United Kingdom,2026-04-30 04:56:18,2026-05-24 03:20:44,Y
1201,Priya,Gibson,priya.gibson381201@example.org.uk,+44 7700 900284,Telford,Shropshire,United Kingdom,2026-06-22 20:47:23,2026-07-18 12:39:17,Y
1202,Arjun,Bailey,arjunb2@example.org.uk,0115 496 0574,Croydon,Greater London,United Kingdom,2026-02-23 09:44:47,2026-02-26 07:14:55,Y
1203,Thomas,Cooper,thomas.cooper120313@example.co.uk,+44 7700 900568,Birkenhead,Merseyside,United Kingdom,2026-02-10 19:31:06,2026-03-08 09:02:25,Y
1204,Jessica,Martin,jmartin60@example.org.uk,020 7946 0040,Merthyr Tydfil,Mid Glamorgan,United Kingdom,2026-05-23 01:01:22,2026-06-20 09:24:05,Y
1205,James,Knight,james.knight120525@example.co.uk,020 7946 0053,York,North Yorkshire,United Kingdom,2026-05-09 01:51:04,2026-05-19 14:58:43,Y
1206,Saoirse,Lewis,slewis@example.co.uk,+44 7700 900838,Lisburn,County Antrim,United Kingdom,2026-05-24 07:31:16,2026-06-03 19:20:18,Y
1207,Poppy,Taylor,poppyt@example.co.uk,01632 968965,Middlesbrough,North Yorkshire,United Kingdom,2026-05-23 08:57:09,2026-06-20 07:52:41,Y
1208,Molly,Mason,molly.mason1208@example.com,020 7946 0178,Carlisle,Cumbria,United Kingdom,2026-01-27 22:03:59,2026-02-27 12:55:28,N
1209,Ben,Powell,bpowell@example.net,+44 7700 900703,Kingston upon Hull,East Riding of Yorkshire,United Kingdom,2026-01-29 03:50:39,2026-02-17 07:43:14,Y
1210,Noah,Johnson,noah.johnson@example.net,+44 7700 900752,Chester,Cheshire,United Kingdom,2026-01-27 05:40:07,2026-02-23 12:38:30,Y
1211,Erin,Wood,erin.wood1211@example.net,0141 496 0451,Bristol,Bristol,United Kingdom,2026-03-16 22:28:48,2026-04-02 14:15:43,Y
1212,Elliot,Ali,elliota@example.co.uk,+44 7700 900700,Northampton,Northamptonshire,United Kingdom,2026-06-15 11:21:52,2026-06-19 15:16:04,Y
1213,Katie,Davis,kdavis2@example.co.uk,+44 7700 900521,Leeds,West Yorkshire,United Kingdom,2026-04-17 00:15:53,2026-05-12 15:37:11,Y
1214,Aisha,Harris,aisha.harris@example.net,+44 7700 900624,Barnsley,South Yorkshire,United Kingdom,2026-01-22 08:23:45,2026-02-15 21:47:25,Y
1215,Aisha,Morgan,amorgan47@example.com,01632 963117,Stoke-on-Trent,Staffordshire,United Kingdom,2026-02-08 16:26:50,2026-02-15 21:18:17,Y
1216,Finley,Sharma,fsharma17@example.co.uk,01632 968176,Watford,Hertfordshire,United Kingdom,2026-04-15 14:54:33,2026-05-11 12:17:34,Y
1217,Emily,Palmer,emily.palmer@example.co.uk,+44 7700 900428,Basildon,Essex,United Kingdom,2026-01-03 22:51:33,2026-02-03 00:56:54,Y
1218,Theo,Morris,theo.morris@example.net,+44 7700 900839,York,North Yorkshire,United Kingdom,2026-02-12 13:03:25,2026-03-08 14:46:24,Y
1219,Freya,Martin,freyam55@example.net,+44 7700 900669,Great Yarmouth,Norfolk,United Kingdom,2026-05-28 01:40:45,2026-06-22 23:37:18,N
1220,Niamh,James,niamhj@example.com,+44 7700 900700,Worcester,Worcestershire,United Kingdom,2026-04-18 12:56:43,2026-05-11 06:52:02,Y
1221,Raj,Walker,raj.walker1221@example.co.uk,+44 7700 900816,Lincoln,Lincolnshire,United Kingdom,2026-03-22 11:00:52,2026-03-31 03:40:50,Y
1222,Raj,Richards,raj.richards14@example.co.uk,+44 7700 900663,Dartford,Kent,United Kingdom,2026-04-14 14:41:13,2026-05-13 08:21:03,Y
1223,Florence,Reid,florence.reid1223@example.org.uk,+44 7700 900427,Oxford,Oxfordshire,United Kingdom,2026-04-24 22:22:56,2026-05-20 18:48:45,Y
1224,Daisy,Palmer,dpalmer1224@example.net,0151 496 0095,Reading,Berkshire,United Kingdom,2026-03-19 02:02:34,2026-03-29 14:49:20,Y
1225,George,Green,george.green1225@example.co.uk,+44 7700 900810,Edinburgh,City of Edinburgh,United Kingdom,2026-02-02 16:34:18,2026-02-08 19:06:53,Y
1226,Katie,Martin,katie.martin122691@example.net,+44 7700 900915,Middlesbrough,North Yorkshire,United Kingdom,2026-03-29 20:10:01,2026-03-30 13:47:17,Y
1227,Michael,Green,michaelg@example.net,020 7946 0815,Livingston,West Lothian,United Kingdom,2026-03-19 23:27:32,2026-03-23 22:31:25,Y
1228,Abigail,Hussain,ahussain42@example.net,+44 7700 900101,Exeter,Devon,United Kingdom,2026-06-10 16:22:07,2026-06-12 12:29:35,Y
1229,Saoirse,Walker,saoirse.walker92@example.co.uk,+44 7700 900755,Telford,Shropshire,United Kingdom,2026-01-02 14:21:15,2026-01-28 13:58:51,Y
1230,Dylan,Stewart,dylans@example.com,+44 7700 900225,Bradford,West Yorkshire,United Kingdom,2026-06-10 21:34:54,2026-06-30 04:57:13,Y
1231,Freya,Mason,freya.mason123164@example.co.uk,+44 7700 900390,Paisley,Renfrewshire,United Kingdom,2026-05-27 21:08:45,2026-06-09 13:56:00,Y
1232,Toby,Fraser,tfraser48@example.net,+44 7700 900482,Lisburn,County Antrim,United Kingdom,2026-05-13 18:12:52,2026-06-07 05:41:58,Y
1233,Aisha,Shaw,aisha.shaw12337@example.co.uk,+44 7700 900775,Oldham,Greater Manchester,United Kingdom,2026-04-19 13:05:05,2026-04-21 03:01:13,Y
1234,Freddie,Jackson,fjackson1234@example.co.uk,+44 7700 900139,Lancaster,Lancashire,United Kingdom,2026-04-25 02:23:43,2026-05-11 15:01:18,Y
1235,Megan,Hussain,meganh@example.com,+44 7700 900399,Peterborough,Cambridgeshire,United Kingdom,2026-04-12 08:37:31,2026-05-02 22:06:15,Y
1236,William,Bell,wbell1236@example.org.uk,+44 7700 900643,Crawley,West Sussex,United Kingdom,2026-05-06 23:26:52,2026-05-12 03:59:00,Y
1237,Theo,Robinson,trobinson73@example.co.uk,01632 967737,Mansfield,Nottinghamshire,United Kingdom,2026-04-28 04:45:32,2026-05-25 20:53:16,Y
1238,Nancy,Owen,nancyo@example.co.uk,0113 496 0584,Cambridge,Cambridgeshire,United Kingdom,2026-05-02 01:47:10,2026-06-01 19:11:08,N
1239,Freddie,Ward,fward@example.net,+44 7700 900800,Banbury,Oxfordshire,United Kingdom,2026-06-04 13:07:07,2026-06-16 07:25:09,Y
1240,George,Wood,gwood@example.co.uk,+44 7700 900148,Crewe,Cheshire,United Kingdom,2026-01-31 11:19:23,2026-02-09 20:50:24,Y
1241,Fraser,Evans,fraser.evans1241441241@example.co.uk,0115 496 0307,Stafford,Staffordshire,United Kingdom,2026-02-06 18:26:03,2026-03-08 04:22:21,Y
1242,Freya,Cook,freya.cook581242@example.org.uk,0115 496 0499,Rotherham,South Yorkshire,United Kingdom,2026-05-06 00:07:35,2026-05-17 03:02:37,Y
1243,Harper,Bennett,hbennett31@example.net,+44 7700 900773,Portsmouth,Hampshire,United Kingdom,2026-05-27 09:36:28,2026-06-24 20:26:52,Y
1244,Aoife,Hunt,aoife.hunt12441244@example.net,0141 496 0336,Taunton,Somerset,United Kingdom,2026-06-05 04:48:08,2026-06-22 01:17:56,Y
1245,Ella,Walker,ellaw95@example.co.uk,01632 962798,Coventry,West Midlands,United Kingdom,2026-04-25 04:55:46,2026-05-05 07:47:25,Y
1246,Bonnie,Price,bonnie.price69@example.org.uk,020 7946 0491,Maidstone,Kent,United Kingdom,2026-04-15 12:14:57,2026-04-27 22:48:59,N
1247,Niamh,Hughes,niamh.hughes@example.co.uk,0191 496 0609,Ipswich,Suffolk,United Kingdom,2026-04-24 23:17:41,2026-04-27 05:02:42,Y
1248,Aisha,Dixon,aisha.dixon1248@example.com,+44 7700 900468,York,North Yorkshire,United Kingdom,2026-03-21 17:41:07,2026-04-11 10:46:19,N
1249,Olivia,Ahmed,oliviaa41@example.co.uk,020 7946 0195,Shrewsbury,Shropshire,United Kingdom,2026-05-19 18:48:03,2026-06-19 13:21:15,Y
1250,Bonnie,Chapman,bonnie.chapman@example.co.uk,01632 965436,Kendal,Cumbria,United Kingdom,2026-05-09 00:07:42,2026-06-07 17:18:43,Y
1251,Conor,Ross,conorr98@example.com,020 7946 0428,Taunton,Somerset,United Kingdom,2026-02-22 07:53:45,2026-03-21 02:21:50,Y
1252,Daniel,Walker,daniel.walker58@example.co.uk,+44 7700 900127,Newcastle upon Tyne,Tyne and Wear,United Kingdom,2026-06-05 10:25:37,2026-06-07 02:21:36,Y
1253,Elliot,Murray,elliot.murray24@example.org.uk,0113 496 0505,Nottingham,Nottinghamshire,United Kingdom,2026-04-22 05:26:01,2026-05-19 21:46:25,Y
1254,Maisie,Robinson,maisie.robinson1254@example.net,01632 965480,Norwich,Norfolk,United Kingdom,2026-01-30 03:34:10,2026-02-08 07:45:26,Y
1255,Nancy,Green,nancyg84@example.net,+44 7700 900931,Bangor,Gwynedd,United Kingdom,2026-02-09 09:26:43,2026-02-14 11:06:03,Y
1256,Toby,Roberts,toby.roberts@example.co.uk,+44 7700 900768,Lincoln,Lincolnshire,United Kingdom,2026-01-15 09:24:06,2026-01-25 13:51:03,Y
1257,Iona,Grant,iona.grant47@example.co.uk,0161 496 0331,Portsmouth,Hampshire,United Kingdom,2026-04-07 03:03:12,2026-04-14 22:40:27,Y
1258,Sophia,Edwards,sophia.edwards125833@example.net,+44 7700 900506,Preston,Lancashire,United Kingdom,2026-05-10 12:07:17,2026-05-11 22:36:52,Y
1259,Max,Dixon,max.dixon12591259@example.net,020 7946 0372,Torquay,Devon,United Kingdom,2026-05-04 00:26:40,2026-05-11 00:44:15,N
1260,Megan,Morris,megan.morris1260@example.co.uk,0113 496 0420,Harrogate,North Yorkshire,United Kingdom,2026-06-22 03:15:48,2026-07-10 00:05:56,Y
1261,Ruby,Roberts,rubyr@example.org.uk,020 7946 0170,Blackpool,Lancashire,United Kingdom,2026-04-15 14:05:54,2026-05-06 06:19:44,N
1262,Jacob,Rees,jacobr751262@example.co.uk,0161 496 0165,Coventry,West Midlands,United Kingdom,2026-04-06 17:10:50,2026-04-14 10:38:48,Y
1263,Jack,Moore,jackm@example.org.uk,020 7946 0777,Worthing,West Sussex,United Kingdom,2026-01-11 00:52:29,2026-02-10 20:11:10,N
1264,Elsie,Chowdhury,elsiec@example.co.uk,020 7946 0589,Leicester,Leicestershire,United Kingdom,2026-01-01 01:59:58,2026-01-16 10:38:14,Y
1265,Conor,Chapman,conorc1265@example.com,+44 7700 900538,Enfield,Greater London,United Kingdom,2026-04-08 11:53:40,2026-04-15 06:47:12,Y
1266,Arthur,Lewis,arthurl99@example.org.uk,+44 7700 900414,Blackpool,Lancashire,United Kingdom,2026-02-11 23:34:36,2026-02-14 08:40:01,Y
1267,Joshua,Palmer,joshua.palmer@example.com,+44 7700 900925,Bangor,Gwynedd,United Kingdom,2026-02-05 23:35:17,2026-03-06 12:48:56,Y
1268,Owen,Williams,owen.williams126822@example.net,+44 7700 900247,Croydon,Greater London,United Kingdom,2026-03-23 21:21:40,2026-04-01 19:49:57,Y
1269,Jack,Robinson,jack.robinson@example.net,020 7946 0731,Reading,Berkshire,United Kingdom,2026-03-24 10:13:29,2026-04-24 05:34:30,Y
1270,Carys,Jones,carys.jones@example.co.uk,+44 7700 900263,Woking,Surrey,United Kingdom,2026-02-04 20:59:00,2026-02-24 11:59:57,Y
1271,Charlotte,Bennett,cbennett93@example.net,+44 7700 900478,Bangor,Gwynedd,United Kingdom,2026-02-14 13:35:57,2026-03-09 12:07:45,Y
1272,Joshua,Stewart,joshuas55@example.co.uk,+44 7700 900923,Cambridge,Cambridgeshire,United Kingdom,2026-01-21 20:41:04,2026-02-07 21:38:57,Y
1273,Ivy,Powell,ivy.powell127324@example.net,+44 7700 900844,Wrexham,Clwyd,United Kingdom,2026-04-24 21:07:22,2026-05-21 10:00:00,Y
1274,Harper,Mason,harperm1274@example.net,+44 7700 900274,Guildford,Surrey,United Kingdom,2026-02-15 22:00:07,2026-03-02 09:59:19,Y
1275,Bonnie,Quinn,bonnie.quinn1275@example.co.uk,020 7946 0088,Southampton,Hampshire,United Kingdom,2026-02-26 23:01:48,2026-03-07 21:00:33,Y
1276,Nathan,Sharma,nathans501276@example.net,029 496 0561,Banbury,Oxfordshire,United Kingdom,2026-01-24 19:40:19,2026-02-19 17:54:33,N
1277,Oscar,Fletcher,oscarf@example.com,+44 7700 900274,Liverpool,Merseyside,United Kingdom,2026-04-03 01:17:31,2026-05-02 00:03:09,Y
1278,William,Stewart,william.stewart1278@example.co.uk,+44 7700 900453,Gloucester,Gloucestershire,United Kingdom,2026-02-20 20:25:07,2026-03-20 05:01:39,Y
1279,Callum,Khan,callum.khan@example.co.uk,01632 961110,Crewe,Cheshire,United Kingdom,2026-05-22 06:42:47,2026-06-10 04:26:25,Y
1280,Iona,Grant,igrant791280@example.co.uk,+44 7700 900245,Cardiff,South Glamorgan,United Kingdom,2026-01-17 18:08:47,2026-01-19 22:25:46,Y
1281,Niamh,Powell,npowell@example.net,0113 496 0796,Romford,Greater London,United Kingdom,2026-02-28 16:46:50,2026-03-08 23:41:33,Y
1282,Anya,Moore,anya.moore@example.org.uk,+44 7700 900139,Eastbourne,East Sussex,United Kingdom,2026-06-27 21:34:39,2026-07-06 19:10:35,Y
1283,Harry,Watson,harry.watson12831283@example.co.uk,020 7946 0883,Bangor,Gwynedd,United Kingdom,2026-04-20 20:43:41,2026-04-22 07:11:35,N
1284,Fraser,Hill,fraser.hill@example.co.uk,+44 7700 900468,Bangor,Gwynedd,United Kingdom,2026-03-12 03:43:33,2026-03-26 19:07:06,Y
1285,William,Gibson,wgibson@example.co.uk,0151 496 0861,Barnsley,South Yorkshire,United Kingdom,2026-02-27 01:17:58,2026-03-12 18:46:18,Y
1286,Grace,Murphy,grace.murphy128681@example.co.uk,+44 7700 900554,Basingstoke,Hampshire,United Kingdom,2026-02-19 10:05:56,2026-03-09 10:53:10,N
1287,Lily,Fletcher,lilyf@example.co.uk,+44 7700 900658,Stirling,Stirlingshire,United Kingdom,2026-04-19 02:58:15,2026-04-25 08:19:34,Y
1288,William,Davis,william.davis@example.com,020 7946 0447,Bristol,Bristol,United Kingdom,2026-06-10 03:01:30,2026-06-23 03:39:21,Y
1289,Aoife,Khan,aoife.khan1289@example.co.uk,+44 7700 900517,Slough,Berkshire,United Kingdom,2026-03-27 08:15:06,2026-04-11 15:36:59,Y
1290,Ivy,Davis,ivy.davis53@example.co.uk,+44 7700 900075,Cheltenham,Gloucestershire,United Kingdom,2026-03-27 16:50:15,2026-04-26 19:39:53,Y
1291,Raj,Moore,raj.moore40@example.co.uk,+44 7700 900514,Mansfield,Nottinghamshire,United Kingdom,2026-01-25 20:28:37,2026-01-28 22:32:35,Y
1292,Emily,Graham,emily.graham1292@example.org.uk,020 7946 0250,Southampton,Hampshire,United Kingdom,2026-03-22 22:04:50,2026-03-27 00:03:41,Y
1293,Rosie,Wright,rosie.wright1293@example.net,+44 7700 900200,Bolton,Greater Manchester,United Kingdom,2026-03-19 19:40:27,2026-03-21 23:23:30,Y
1294,Andrew,Holmes,andrew.holmes1294@example.co.uk,+44 7700 900576,Lisburn,County Antrim,United Kingdom,2026-03-17 12:25:06,2026-04-06 01:40:01,Y
1295,Oscar,Owen,oscar.owen12951295@example.net,+44 7700 900490,Chesterfield,Derbyshire,United Kingdom,2026-06-18 19:00:29,2026-07-01 09:50:56,Y
1296,Niamh,Ahmed,niamha@example.org.uk,0115 496 0115,Merthyr Tydfil,Mid Glamorgan,United Kingdom,2026-06-08 03:21:41,2026-07-09 01:11:42,Y
1297,Anya,Gibson,anya.gibson831297@example.co.uk,+44 7700 900321,Gloucester,Gloucestershire,United Kingdom,2026-03-26 18:12:06,2026-03-29 18:50:51,Y
1298,Sophie,Newman,sophien191298@example.co.uk,+44 7700 900600,Gateshead,Tyne and Wear,United Kingdom,2026-02-19 18:08:40,2026-03-08 02:31:06,Y
1299,Ava,Quinn,ava.quinn@example.co.uk,+44 7700 900784,Mansfield,Nottinghamshire,United Kingdom,2026-06-08 14:11:15,2026-06-12 15:14:23,Y
1300,Zain,Robinson,zrobinson141300@example.co.uk,+44 7700 900749,Worcester,Worcestershire,United Kingdom,2026-04-22 16:41:48,2026-05-04 02:19:44,Y
1301,Arjun,Reid,arjun.reid130113@example.net,+44 7700 900798,Stoke-on-Trent,Staffordshire,United Kingdom,2026-02-07 04:30:19,2026-02-26 14:48:42,N
1302,Adam,Turner,adam.turner1302@example.co.uk,020 7946 0034,Preston,Lancashire,United Kingdom,2026-05-13 18:42:43,2026-05-17 19:58:15,Y
1303,Bethan,Thompson,bethan.thompson@example.org.uk,020 7946 0771,Aberdeen,Aberdeen City,United Kingdom,2026-05-24 01:27:22,2026-05-30 08:08:20,Y
1304,Owen,Baker,obaker36@example.co.uk,0113 496 0791,Luton,Bedfordshire,United Kingdom,2026-01-18 10:12:42,2026-02-03 08:57:11,Y
1305,Ruby,Ali,ruby.ali@example.net,+44 7700 900190,Lancaster,Lancashire,United Kingdom,2026-03-26 18:36:21,2026-04-15 04:02:42,Y
1306,Owen,Ali,owena63@example.com,01632 968912,Bradford,West Yorkshire,United Kingdom,2026-04-27 01:31:14,2026-05-26 02:11:28,Y
1307,Mohammed,Brown,mohammedb@example.com,+44 7700 900900,Loughborough,Leicestershire,United Kingdom,2026-04-30 19:13:15,2026-05-16 19:03:07,Y
1308,Luke,Graham,luke.graham@example.co.uk,01632 968052,Birkenhead,Merseyside,United Kingdom,2026-04-07 06:25:11,2026-05-03 06:48:11,Y
1309,Nancy,Owen,nancy.owen@example.co.uk,0131 496 0854,Bury St Edmunds,Suffolk,United Kingdom,2026-01-08 17:07:09,2026-01-18 07:19:49,Y
1310,Jacob,Ward,jacobw491310@example.co.uk,020 7946 0580,Chesterfield,Derbyshire,United Kingdom,2026-04-03 01:01:12,2026-04-09 10:12:26,Y
1311,Aisha,Ross,aishar81@example.com,+44 7700 900944,Banbury,Oxfordshire,United Kingdom,2026-02-14 10:54:35,2026-02-21 16:06:36,Y
1312,Iona,Williams,iona.williams1312481312@example.co.uk,0131 496 0202,Hastings,East Sussex,United Kingdom,2026-03-09 03:01:53,2026-03-30 07:26:34,Y
1313,Toby,Grant,toby.grant80@example.com,01632 960338,Chester,Cheshire,United Kingdom,2026-01-29 10:59:13,2026-02-08 01:14:36,Y
1314,Anya,Thompson,anya.thompson591314@example.net,020 7946 0969,Wrexham,Clwyd,United Kingdom,2026-06-19 05:33:51,2026-07-08 19:30:36,Y
1315,Emily,Rees,emilyr46@example.co.uk,0191 496 0825,Leeds,West Yorkshire,United Kingdom,2026-02-06 04:50:12,2026-02-12 22:14:56,Y
1316,Ava,Bell,ava.bell1316@example.com,+44 7700 900167,Crewe,Cheshire,United Kingdom,2026-06-03 13:40:15,2026-07-02 15:28:54,Y
1317,Abigail,Webb,abigailw7@example.co.uk,+44 7700 900296,Basingstoke,Hampshire,United Kingdom,2026-05-18 09:50:09,2026-05-28 16:53:49,Y
1318,Aoife,Barnes,aoife.barnes1318851318@example.com,+44 7700 900908,Lisburn,County Antrim,United Kingdom,2026-02-02 16:37:56,2026-02-17 23:24:01,Y
1319,Sam,Wilson,sam.wilson@example.co.uk,+44 7700 900319,Peterborough,Cambridgeshire,United Kingdom,2026-06-19 19:04:10,2026-07-06 07:53:06,Y
1320,Leo,Campbell,leoc29@example.org.uk,0113 496 0311,Londonderry,County Londonderry,United Kingdom,2026-05-11 11:31:33,2026-05-25 16:52:18,Y
1321,Katie,Smith,katie.smith431321@example.com,020 7946 0238,Maidstone,Kent,United Kingdom,2026-06-27 15:45:31,2026-07-13 00:22:56,Y
1322,Toby,Clarke,toby.clarke@example.co.uk,+44 7700 900841,Basildon,Essex,United Kingdom,2026-05-30 20:02:13,2026-06-07 02:31:08,Y
1323,Willow,Smith,willow.smith27@example.com,+44 7700 900101,Colchester,Essex,United Kingdom,2026-02-25 09:27:56,2026-03-10 03:38:55,Y
1324,Zain,Quinn,zain.quinn13241324@example.co.uk,+44 7700 900408,Norwich,Norfolk,United Kingdom,2026-03-07 17:05:08,2026-03-31 19:23:36,Y
1325,Harper,Stewart,harpers@example.net,01632 964091,Luton,Bedfordshire,United Kingdom,2026-02-28 18:02:29,2026-03-17 13:23:56,Y
1326,George,Turner,gturner781326@example.com,+44 7700 900813,Canterbury,Kent,United Kingdom,2026-04-21 13:23:51,2026-05-06 23:41:15,Y
1327,Harry,Ahmed,harry.ahmed61327@example.org.uk,+44 7700 900827,Wolverhampton,West Midlands,United Kingdom,2026-04-24 07:16:41,2026-04-26 19:13:46,Y
1328,Aoife,James,ajames@example.co.uk,+44 7700 900172,Northampton,Northamptonshire,United Kingdom,2026-05-09 16:34:41,2026-05-12 01:33:55,Y
1329,Jacob,Grant,jacob.grant1329@example.com,0131 496 0165,Cardiff,South Glamorgan,United Kingdom,2026-01-19 11:02:34,2026-01-25 21:15:17,Y
1330,Harper,Foster,harperf4@example.net,01632 969852,Wakefield,West Yorkshire,United Kingdom,2026-03-19 23:52:49,2026-04-10 08:05:34,Y
1331,Joshua,Stewart,jstewart72@example.net,+44 7700 900234,Northampton,Northamptonshire,United Kingdom,2026-02-05 22:47:34,2026-03-07 06:48:23,Y
1332,Freya,Edwards,fedwards15@example.com,+44 7700 900798,Watford,Hertfordshire,United Kingdom,2026-03-30 12:25:52,2026-04-18 08:26:22,Y
1333,Willow,Webb,willow.webb1333@example.net,+44 7700 900140,Oxford,Oxfordshire,United Kingdom,2026-02-08 12:14:14,2026-03-04 11:27:44,Y
1334,Megan,Turner,megan.turner@example.net,01632 964506,Bournemouth,Dorset,United Kingdom,2026-05-31 17:48:29,2026-06-24 08:10:19,Y
1335,Mia,Johnson,miaj971335@example.org.uk,+44 7700 900256,Kingston upon Hull,East Riding of Yorkshire,United Kingdom,2026-02-18 13:49:44,2026-03-03 20:18:12,Y
1336,Lucy,Bennett,lbennett19@example.com,01632 960511,Solihull,West Midlands,United Kingdom,2026-01-08 11:08:36,2026-02-04 15:28:23,Y
1337,Anya,Dixon,anyad58@example.co.uk,01632 967818,Derby,Derbyshire,United Kingdom,2026-06-18 11:21:14,2026-07-02 01:05:02,Y
1338,Oliver,Knight,oliver.knight22@example.co.uk,+44 7700 900412,Chelmsford,Essex,United Kingdom,2026-06-26 17:19:20,2026-07-14 17:56:10,Y
1339,Dylan,Wright,dylanw@example.co.uk,+44 7700 900611,Worcester,Worcestershire,United Kingdom,2026-02-05 04:21:36,2026-02-26 00:20:14,Y
1340,Bonnie,Gibson,bonnieg1340@example.co.uk,+44 7700 900356,Swindon,Wiltshire,United Kingdom,2026-04-11 12:13:25,2026-04-14 05:37:37,Y
1341,Iona,Hill,iona.hill1341@example.com,+44 7700 900988,Enfield,Greater London,United Kingdom,2026-03-26 18:28:40,2026-04-24 03:33:50,Y
1342,Evie,Morris,emorris1342@example.co.uk,020 7946 0565,Merthyr Tydfil,Mid Glamorgan,United Kingdom,2026-05-22 05:02:52,2026-06-14 00:33:53,Y
1343,Andrew,Moore,andrew.moore1343@example.org.uk,+44 7700 900207,Bedford,Bedfordshire,United Kingdom,2026-01-18 12:18:13,2026-01-25 22:00:46,Y
1344,Isla,Quinn,iquinn1344@example.co.uk,0131 496 0002,Dundee,Dundee City,United Kingdom,2026-01-15 11:33:00,2026-01-20 22:28:58,Y
1345,Elsie,Price,elsie.price28@example.net,0114 496 0480,Bournemouth,Dorset,United Kingdom,2026-02-10 03:08:34,2026-02-23 18:55:38,Y
1346,Evie,Kelly,evie.kelly134695@example.co.uk,0114 496 0320,Bedford,Bedfordshire,United Kingdom,2026-02-22 04:55:13,2026-03-03 18:47:58,Y
1347,Millie,Moore,mmoore71@example.org.uk,0151 496 0403,Oxford,Oxfordshire,United Kingdom,2026-02-10 19:36:19,2026-03-01 02:09:04,Y
1348,Harper,Ahmed,harper.ahmed14@example.co.uk,01632 968045,Oldham,Greater Manchester,United Kingdom,2026-03-12 06:00:09,2026-03-26 08:52:34,Y
1349,Max,Palmer,maxp70@example.co.uk,+44 7700 900488,Paisley,Renfrewshire,United Kingdom,2026-03-05 16:21:58,2026-03-24 07:51:27,Y
1350,Isla,Singh,isla.singh49@example.co.uk,+44 7700 900183,Luton,Bedfordshire,United Kingdom,2026-01-24 09:41:56,2026-02-23 00:04:40,Y
1351,Fraser,Murphy,fraser.murphy@example.co.uk,020 7946 0146,Southampton,Hampshire,United Kingdom,2026-03-18 12:39:52,2026-04-12 18:06:07,Y
1352,Dylan,King,dylank@example.org.uk,+44 7700 900550,Newcastle upon Tyne,Tyne and Wear,United Kingdom,2026-06-08 23:27:29,2026-06-21 20:39:13,Y
1353,Arthur,Ward,arthur.ward@example.co.uk,01632 963819,Mansfield,Nottinghamshire,United Kingdom,2026-04-11 22:02:15,2026-05-10 03:20:11,Y
1354,Callum,Watson,cwatson@example.net,020 7946 0177,Gateshead,Tyne and Wear,United Kingdom,2026-03-16 21:58:04,2026-04-08 21:45:01,Y
1355,Rhys,Kaur,rhys.kaur1355@example.org.uk,0115 496 0201,Kendal,Cumbria,United Kingdom,2026-05-07 13:48:35,2026-05-11 00:53:23,Y
1356,Arthur,Griffiths,arthur.griffiths@example.com,+44 7700 900770,Swindon,Wiltshire,United Kingdom,2026-03-25 13:28:10,2026-04-02 20:00:12,Y
1357,Olivia,Johnson,oliviaj1357@example.com,+44 7700 900351,Loughborough,Leicestershire,United Kingdom,2026-01-19 20:44:43,2026-02-12 11:09:04,Y
1358,Arjun,Jackson,ajackson@example.org.uk,01632 961777,Birkenhead,Merseyside,United Kingdom,2026-02-19 12:02:00,2026-02-27 15:47:58,Y
1359,Freya,Marshall,freya.marshall135939@example.co.uk,01632 967192,Lancaster,Lancashire,United Kingdom,2026-06-21 23:29:31,2026-07-06 01:35:06,Y
1360,Reggie,Murray,rmurray82@example.co.uk,+44 7700 900292,Kingston upon Hull,East Riding of Yorkshire,United Kingdom,2026-04-23 04:30:52,2026-05-01 09:41:45,Y
1361,Oscar,Baker,oscarb92@example.org.uk,+44 7700 900499,Stevenage,Hertfordshire,United Kingdom,2026-01-26 05:18:07,2026-02-13 04:43:17,Y
1362,James,Barker,jamesb@example.org.uk,0161 496 0211,Maidstone,Kent,United Kingdom,2026-01-03 21:17:09,2026-01-18 08:28:22,Y
1363,Liam,Jackson,liam.jackson136351@example.co.uk,0191 496 0715,Carlisle,Cumbria,United Kingdom,2026-06-22 17:13:28,2026-07-14 19:07:08,Y
1364,Emily,Phillips,emily.phillips@example.co.uk,0114 496 0587,Belfast,County Antrim,United Kingdom,2026-06-14 21:45:42,2026-07-13 01:10:26,Y
1365,Lucy,Richards,lrichards901365@example.co.uk,+44 7700 900527,Chester,Cheshire,United Kingdom,2026-01-14 19:00:03,2026-02-08 07:49:15,Y
1366,Molly,King,molly.king1366741366@example.co.uk,020 7946 0833,Nottingham,Nottinghamshire,United Kingdom,2026-04-06 07:12:05,2026-04-06 20:13:05,Y
1367,Ivy,Knight,ivyk46@example.org.uk,+44 7700 900209,Telford,Shropshire,United Kingdom,2026-02-19 21:42:04,2026-02-27 01:33:57,Y
1368,Daisy,Allen,daisy.allen@example.co.uk,0115 496 0802,Winchester,Hampshire,United Kingdom,2026-02-12 23:10:02,2026-02-26 15:16:54,Y
1369,Sam,Kelly,skelly@example.co.uk,+44 7700 900386,Woking,Surrey,United Kingdom,2026-05-24 20:12:39,2026-05-31 13:38:06,Y
1370,Freddie,Singh,freddie.singh1370@example.net,+44 7700 900156,Southampton,Hampshire,United Kingdom,2026-02-24 03:22:20,2026-03-01 03:48:01,Y
1371,William,Barnes,williamb@example.co.uk,+44 7700 900690,Colchester,Essex,United Kingdom,2026-04-10 06:29:14,2026-04-13 04:21:31,Y
1372,Ruby,Ward,rward@example.org.uk,0191 496 0820,Cambridge,Cambridgeshire,United Kingdom,2026-04-05 01:04:56,2026-04-11 14:24:45,Y
1373,Jessica,Hughes,jhughes98@example.co.uk,+44 7700 900231,Rotherham,South Yorkshire,United Kingdom,2026-01-27 22:34:50,2026-02-26 16:45:06,N
1374,Oscar,Wright,oscar.wright1374@example.co.uk,+44 7700 900380,Edinburgh,City of Edinburgh,United Kingdom,2026-06-03 10:40:44,2026-06-16 08:40:33,Y
1375,Molly,Williams,molly.williams1375@example.com,+44 7700 900588,Chester,Cheshire,United Kingdom,2026-03-27 05:40:48,2026-04-25 04:01:42,Y
1376,Fatima,Marshall,fatima.marshall25@example.net,+44 7700 900043,Guildford,Surrey,United Kingdom,2026-01-18 10:01:38,2026-02-17 04:30:02,Y
1377,Grace,Wood,gwood@example.org.uk,0131 496 0282,Swansea,West Glamorgan,United Kingdom,2026-03-01 16:37:45,2026-03-01 23:39:24,Y
1378,Owen,Harris,oharris@example.co.uk,01632 967623,Lincoln,Lincolnshire,United Kingdom,2026-02-01 09:15:47,2026-02-14 16:54:52,Y
1379,Bonnie,Ross,bonnier@example.co.uk,+44 7700 900874,Livingston,West Lothian,United Kingdom,2026-04-06 15:18:12,2026-04-11 03:31:53,Y
1380,Eilidh,Jackson,ejackson1380@example.org.uk,01632 967648,Mansfield,Nottinghamshire,United Kingdom,2026-06-03 14:47:56,2026-06-13 19:05:16,Y
1381,Freddie,Dixon,freddied72@example.com,020 7946 0893,Leicester,Leicestershire,United Kingdom,2026-01-11 16:50:26,2026-02-01 02:38:27,Y
1382,Arjun,Baker,arjun.baker70@example.com,020 7946 0469,Eastbourne,East Sussex,United Kingdom,2026-03-26 10:15:13,2026-04-12 12:14:11,Y
1383,Eilidh,Fletcher,eilidhf@example.com,+44 7700 900614,Peterborough,Cambridgeshire,United Kingdom,2026-03-05 21:44:46,2026-03-13 17:40:10,Y
1384,Millie,Hunt,mhunt@example.com,020 7946 0998,Stafford,Staffordshire,United Kingdom,2026-02-16 14:40:00,2026-02-19 05:44:12,Y
1385,Finley,Sharma,finley.sharma34@example.co.uk,+44 7700 900656,Lisburn,County Antrim,United Kingdom,2026-02-06 06:08:05,2026-02-12 00:43:58,Y
1386,Charlie,Cooper,charliec@example.co.uk,+44 7700 900963,Plymouth,Devon,United Kingdom,2026-02-22 07:32:05,2026-03-08 07:01:24,Y
1387,Niamh,Knight,nknight@example.co.uk,020 7946 0233,London,Greater London,United Kingdom,2026-02-20 07:27:11,2026-03-11 14:46:29,Y
1388,Adam,Bennett,adamb13@example.co.uk,020 7946 0521,Oxford,Oxfordshire,United Kingdom,2026-06-12 06:17:55,2026-07-07 21:23:18,Y
1389,Leo,Chapman,leo.chapman138967@example.org.uk,+44 7700 900254,Southport,Merseyside,United Kingdom,2026-02-12 15:28:27,2026-03-01 11:15:54,Y
1390,Conor,Wright,conorw23@example.co.uk,+44 7700 900289,Eastbourne,East Sussex,United Kingdom,2026-05-04 00:48:24,2026-05-17 03:37:22,Y
1391,William,Webb,wwebb@example.co.uk,+44 7700 900027,Loughborough,Leicestershire,United Kingdom,2026-06-02 17:09:35,2026-06-25 22:25:59,Y
1392,Daisy,Hill,dhill351392@example.com,+44 7700 900365,Coventry,West Midlands,United Kingdom,2026-04-27 09:24:35,2026-05-17 00:28:56,Y
1393,Rhys,Marshall,rhysm72@example.com,020 7946 0379,Slough,Berkshire,United Kingdom,2026-05-01 06:09:58,2026-05-07 06:10:53,Y
1394,Noah,Jackson,noahj94@example.net,020 7946 0052,Worcester,Worcestershire,United Kingdom,2026-04-06 15:25:59,2026-04-20 04:13:22,Y
1395,Thomas,Khan,thomask87@example.net,+44 7700 900260,Huddersfield,West Yorkshire,United Kingdom,2026-03-20 20:37:04,2026-04-02 22:35:11,Y
1396,Emily,Holmes,emilyh5@example.co.uk,0191 496 0504,Truro,Cornwall,United Kingdom,2026-05-25 05:12:48,2026-06-07 14:02:46,Y
1397,Sam,Brown,samb@example.com,+44 7700 900598,Winchester,Hampshire,United Kingdom,2026-03-31 16:45:31,2026-04-21 15:09:15,Y
1398,Jessica,Barker,jessicab@example.org.uk,020 7946 0143,Woking,Surrey,United Kingdom,2026-04-09 13:47:15,2026-04-17 04:50:13,Y
1399,Nathan,Begum,nathanb@example.org.uk,+44 7700 900174,Woking,Surrey,United Kingdom,2026-06-11 22:43:01,2026-07-04 20:24:10,Y
1400,Alfie,Grant,agrant78@example.org.uk,01632 961708,Plymouth,Devon,United Kingdom,2026-04-27 21:09:16,2026-05-05 16:46:58,Y
1401,Willow,Grant,willow.grant1401@example.org.uk,+44 7700 900396,Bangor,Gwynedd,United Kingdom,2026-01-04 03:49:05,2026-01-25 02:47:29,Y
1402,Archie,James,archie.james14021402@example.co.uk,+44 7700 900263,Maidstone,Kent,United Kingdom,2026-05-31 02:33:58,2026-06-06 15:44:51,Y
1403,Hannah,Wood,hannahw@example.co.uk,020 7946 0135,Luton,Bedfordshire,United Kingdom,2026-06-27 09:32:34,2026-07-18 22:09:53,Y
1404,Florence,Kelly,florencek91@example.co.uk,+44 7700 900571,Dundee,Dundee City,United Kingdom,2026-01-23 03:40:36,2026-02-16 15:32:45,Y
1405,Erin,Cook,erinc@example.net,0113 496 0937,Plymouth,Devon,United Kingdom,2026-02-23 23:25:44,2026-03-04 23:36:36,Y
1406,Jacob,Smith,jsmith@example.net,+44 7700 900674,Glasgow,Glasgow City,United Kingdom,2026-01-25 02:49:44,2026-02-07 19:16:25,Y
1407,Adam,Moore,adamm@example.net,+44 7700 900714,Newport,Gwent,United Kingdom,2026-04-21 05:11:23,2026-04-27 03:19:35,Y
1408,Ava,Roberts,ava.roberts140818@example.com,01632 962731,Liverpool,Merseyside,United Kingdom,2026-05-09 03:28:36,2026-06-04 09:39:48,Y
1409,Mia,Doyle,miad@example.org.uk,020 7946 0291,Bath,Somerset,United Kingdom,2026-02-16 06:16:57,2026-03-15 19:45:37,Y
1410,Rhys,Reid,rhysr@example.net,+44 7700 900799,St Helens,Merseyside,United Kingdom,2026-01-28 20:10:05,2026-02-06 22:34:12,Y
1411,Lily,Barnes,lilyb@example.co.uk,01632 969062,Bournemouth,Dorset,United Kingdom,2026-03-29 00:37:15,2026-04-13 16:21:03,Y
1412,Alfie,Chapman,alfie.chapman1412611412@example.org.uk,01632 968232,Great Yarmouth,Norfolk,United Kingdom,2026-01-16 08:48:00,2026-02-07 03:38:02,Y
1413,Katie,Stewart,katie.stewart1413411413@example.org.uk,01632 964535,Wakefield,West Yorkshire,United Kingdom,2026-05-14 00:24:38,2026-05-30 09:24:09,Y
1414,Maisie,Parker,maisiep351414@example.co.uk,020 7946 0394,Harrogate,North Yorkshire,United Kingdom,2026-03-28 19:27:21,2026-04-09 17:23:42,N
1415,Ben,White,ben.white@example.co.uk,+44 7700 900753,Nottingham,Nottinghamshire,United Kingdom,2026-03-03 11:42:25,2026-03-16 06:45:47,Y
1416,Elsie,Webb,elsie.webb1416@example.co.uk,+44 7700 900929,Portsmouth,Hampshire,United Kingdom,2026-01-26 00:29:55,2026-02-17 13:16:48,Y
1417,Saoirse,Edwards,saoirse.edwards34@example.co.uk,+44 7700 900294,Southampton,Hampshire,United Kingdom,2026-02-05 00:38:07,2026-03-04 16:55:51,Y
1418,Fraser,White,fraser.white5@example.co.uk,020 7946 0140,Basingstoke,Hampshire,United Kingdom,2026-03-05 11:28:39,2026-03-27 09:24:09,Y
1419,Arthur,Ahmed,arthura@example.net,0115 496 0786,Preston,Lancashire,United Kingdom,2026-06-19 06:00:40,2026-07-19 16:02:20,Y
1420,Abigail,Cook,abigail.cook@example.org.uk,+44 7700 900829,Manchester,Greater Manchester,United Kingdom,2026-01-12 23:20:43,2026-01-27 06:59:14,Y
1421,Olivia,Parker,oliviap@example.co.uk,+44 7700 900332,Taunton,Somerset,United Kingdom,2026-06-06 02:22:27,2026-07-06 18:05:21,Y
1422,Bethan,Murray,bethan.murray142274@example.com,+44 7700 900627,Chesterfield,Derbyshire,United Kingdom,2026-01-26 23:24:18,2026-02-15 06:09:27,Y
1423,Ryan,Shaw,rshaw79@example.co.uk,0114 496 0296,Gloucester,Gloucestershire,United Kingdom,2026-05-27 22:32:02,2026-06-01 14:22:07,Y
1424,Max,Roberts,maxr69@example.co.uk,01632 962201,Warrington,Cheshire,United Kingdom,2026-06-22 17:55:29,2026-06-28 08:02:59,Y
1425,Leo,Clark,leoc59@example.co.uk,0161 496 0069,Shrewsbury,Shropshire,United Kingdom,2026-03-03 07:13:10,2026-03-28 04:57:15,Y
1426,Olivia,Doyle,olivia.doyle142634@example.org.uk,+44 7700 900417,Oxford,Oxfordshire,United Kingdom,2026-01-08 05:59:59,2026-01-18 18:49:16,Y
1427,Conor,Knight,conor.knight1427@example.com,01632 962222,Woking,Surrey,United Kingdom,2026-03-07 21:30:57,2026-03-29 01:13:05,Y
1428,Nancy,Ali,nali20@example.net,+44 7700 900518,Stevenage,Hertfordshire,United Kingdom,2026-06-12 23:31:05,2026-07-08 21:53:00,Y
1429,Lucy,Palmer,lucyp6@example.co.uk,+44 7700 900936,Solihull,West Midlands,United Kingdom,2026-05-28 19:04:41,2026-06-08 08:03:26,Y
1430,Dylan,Ali,dylan.ali@example.org.uk,+44 7700 900954,Crawley,West Sussex,United Kingdom,2026-04-08 20:41:50,2026-04-26 10:33:04,Y
1431,Bonnie,Shaw,bshaw511431@example.co.uk,+44 7700 900723,Bangor,County Down,United Kingdom,2026-01-30 09:05:07,2026-02-01 19:52:44,Y
1432,Ryan,Ward,ryanw1432@example.co.uk,020 7946 0329,Bath,Somerset,United Kingdom,2026-01-30 18:23:08,2026-02-27 04:47:44,Y
1433,Alfie,Ross,alfier491433@example.co.uk,020 7946 0542,Derby,Derbyshire,United Kingdom,2026-03-21 01:37:34,2026-03-27 14:04:54,Y
1434,Elliot,Ross,eross231434@example.org.uk,020 7946 0095,Liverpool,Merseyside,United Kingdom,2026-06-23 04:33:42,2026-07-12 22:47:48,Y
1435,Anya,Smith,anyas50@example.co.uk,020 7946 0182,Croydon,Greater London,United Kingdom,2026-05-18 14:20:09,2026-06-14 00:13:23,Y
1436,Nancy,Fletcher,nfletcher@example.org.uk,+44 7700 900361,St Albans,Hertfordshire,United Kingdom,2026-04-27 04:38:18,2026-05-02 04:21:12,Y
1437,Ivy,Jones,ivy.jones1437@example.co.uk,+44 7700 900134,Telford,Shropshire,United Kingdom,2026-06-29 01:38:20,2026-07-08 18:22:27,Y
1438,Zara,Hughes,zara.hughes15@example.net,+44 7700 900800,Dartford,Kent,United Kingdom,2026-06-30 18:30:40,2026-07-27 01:01:58,Y
1439,Olivia,Lewis,olewis@example.co.uk,01632 966380,Stafford,Staffordshire,United Kingdom,2026-04-07 01:51:21,2026-04-12 00:05:15,Y
1440,Aisha,Reid,areid@example.co.uk,+44 7700 900269,Blackburn,Lancashire,United Kingdom,2026-02-27 22:47:03,2026-03-29 04:41:34,Y
1441,Hannah,Davis,hdavis16@example.co.uk,01632 962434,Croydon,Greater London,United Kingdom,2026-03-18 21:58:54,2026-03-23 22:34:19,Y
1442,Ivy,O'Brien,iobrien@example.co.uk,020 7946 0184,Woking,Surrey,United Kingdom,2026-06-23 15:22:48,2026-07-06 03:27:21,Y
1443,Niamh,Stewart,nstewart@example.org.uk,+44 7700 900985,Worcester,Worcestershire,United Kingdom,2026-03-14 22:59:12,2026-04-06 16:24:18,Y
1444,Zain,Ahmed,zahmed@example.org.uk,+44 7700 900760,Swindon,Wiltshire,United Kingdom,2026-05-29 01:54:59,2026-06-20 11:24:40,Y
1445,Nathan,Evans,nathan.evans45@example.co.uk,+44 7700 900071,Wakefield,West Yorkshire,United Kingdom,2026-02-05 14:44:30,2026-02-14 18:57:43,Y
1446,Toby,Harris,toby.harris1446@example.net,020 7946 0634,Londonderry,County Londonderry,United Kingdom,2026-02-20 23:41:00,2026-03-04 23:35:36,Y
1447,Sophia,Owen,sophia.owen1447@example.co.uk,0141 496 0867,Barnsley,South Yorkshire,United Kingdom,2026-02-07 12:27:43,2026-03-05 18:26:46,Y
1448,Archie,Byrne,archie.byrne@example.org.uk,020 7946 0761,St Albans,Hertfordshire,United Kingdom,2026-05-02 05:03:07,2026-05-19 01:24:44,Y
1449,Luke,Baker,luke.baker144914@example.net,0121 496 0855,Bournemouth,Dorset,United Kingdom,2026-02-08 20:46:25,2026-02-15 21:53:40,Y
1450,Willow,King,willowk29@example.net,01632 969667,Banbury,Oxfordshire,United Kingdom,2026-03-19 22:38:11,2026-04-09 22:03:00,Y
1451,Nancy,Owen,nancy.owen14511451@example.org.uk,+44 7700 900610,Perth,Perth and Kinross,United Kingdom,2026-06-21 21:05:49,2026-07-06 17:30:06,Y
1452,Bonnie,Macdonald,bonniem74@example.co.uk,+44 7700 900838,Chesterfield,Derbyshire,United Kingdom,2026-04-24 11:00:07,2026-04-27 13:07:38,Y
1453,Sam,Richards,sam.richards1@example.co.uk,01632 965227,Leeds,West Yorkshire,United Kingdom,2026-05-11 07:01:37,2026-05-30 01:31:54,Y
1454,Harry,Palmer,hpalmer18@example.com,+44 7700 900171,Oxford,Oxfordshire,United Kingdom,2026-01-25 18:11:24,2026-02-10 14:55:51,Y
1455,Freddie,Foster,ffoster@example.co.uk,020 7946 0579,Luton,Bedfordshire,United Kingdom,2026-02-02 03:20:04,2026-02-24 20:31:29,Y
1456,Freddie,Khan,freddie.khan541456@example.co.uk,+44 7700 900208,Carlisle,Cumbria,United Kingdom,2026-01-06 12:35:52,2026-01-24 05:06:56,Y
1457,Florence,Thompson,florence.thompson1457301457@example.co.uk,029 496 0814,Harrogate,North Yorkshire,United Kingdom,2026-05-30 17:45:52,2026-06-25 13:53:40,Y
1458,Saoirse,Clark,saoirse.clark1458911458@example.co.uk,+44 7700 900810,Swindon,Wiltshire,United Kingdom,2026-06-18 03:11:55,2026-07-08 01:22:55,Y
1459,Willow,Smith,willow.smith14591459@example.co.uk,0114 496 0337,Ipswich,Suffolk,United Kingdom,2026-03-22 03:02:08,2026-04-09 09:43:18,Y
1460,Millie,Stewart,millie.stewart14601460@example.com,+44 7700 900479,Crewe,Cheshire,United Kingdom,2026-03-07 01:05:07,2026-03-23 10:28:41,Y
1461,Sophie,Evans,sophie.evans1461@example.org.uk,+44 7700 900034,Ipswich,Suffolk,United Kingdom,2026-06-18 00:15:19,2026-06-19 17:13:09,Y
1462,Aoife,Graham,aoife.graham@example.co.uk,+44 7700 900737,Taunton,Somerset,United Kingdom,2026-05-17 14:08:36,2026-06-02 12:29:09,Y
1463,Nathan,Watson,nathanw24@example.co.uk,+44 7700 900861,Stirling,Stirlingshire,United Kingdom,2026-04-01 19:34:32,2026-04-08 17:41:14,Y
1464,Megan,Owen,megan.owen@example.co.uk,01632 968183,Nottingham,Nottinghamshire,United Kingdom,2026-03-02 01:12:09,2026-03-11 07:20:47,Y
1465,Freya,Campbell,freya.campbell146585@example.co.uk,+44 7700 900638,Bury St Edmunds,Suffolk,United Kingdom,2026-06-01 11:17:08,2026-06-25 06:44:12,Y
1466,Oliver,Wilson,oliver.wilson1466@example.co.uk,01632 967683,Kendal,Cumbria,United Kingdom,2026-03-08 12:41:57,2026-03-14 01:11:02,Y
1467,Callum,Griffiths,callum.griffiths14671467@example.com,01632 963326,Barnsley,South Yorkshire,United Kingdom,2026-06-23 13:44:09,2026-07-10 19:48:49,Y
1468,Bethan,Thompson,bethan.thompson@example.com,01632 962692,Stoke-on-Trent,Staffordshire,United Kingdom,2026-06-12 22:41:12,2026-07-05 10:17:54,Y
1469,Erin,Sharma,esharma@example.org.uk,020 7946 0116,Dundee,Dundee City,United Kingdom,2026-05-11 19:10:26,2026-06-06 23:31:16,Y
1470,Mohammed,Fletcher,mohammed.fletcher14701470@example.com,01632 960504,Worthing,West Sussex,United Kingdom,2026-01-07 19:15:04,2026-01-15 22:49:11,Y
1471,Charlotte,Bennett,charlotte.bennett@example.net,01632 965758,Bedford,Bedfordshire,United Kingdom,2026-04-15 02:21:40,2026-04-17 14:20:01,Y
1472,Abigail,Richards,abigail.richards147280@example.co.uk,+44 7700 900775,Kendal,Cumbria,United Kingdom,2026-02-07 07:17:00,2026-02-10 19:31:24,N
1473,Emily,Kelly,emily.kelly@example.co.uk,+44 7700 900112,Eastbourne,East Sussex,United Kingdom,2026-02-01 05:33:46,2026-03-01 15:11:38,Y
1474,Raj,Davis,rajd14@example.net,+44 7700 900991,Enfield,Greater London,United Kingdom,2026-01-25 16:22:44,2026-02-13 01:58:01,Y
1475,Zain,Ross,zain.ross1475@example.co.uk,+44 7700 900239,Huddersfield,West Yorkshire,United Kingdom,2026-01-13 05:20:48,2026-01-25 10:43:39,Y
1476,Alfie,Johnson,ajohnson291476@example.co.uk,01632 966951,Belfast,County Antrim,United Kingdom,2026-05-17 17:38:56,2026-06-14 06:09:33,Y
1477,Chloe,Marshall,chloe.marshall147729@example.co.uk,+44 7700 900555,Newport,Gwent,United Kingdom,2026-01-03 21:32:45,2026-01-08 18:40:54,Y
1478,Oliver,Graham,oliver.graham58@example.net,020 7946 0379,Mansfield,Nottinghamshire,United Kingdom,2026-03-10 01:58:46,2026-03-30 13:44:35,Y
1479,Anya,Palmer,anyap201479@example.com,+44 7700 900742,Telford,Shropshire,United Kingdom,2026-06-05 13:45:29,2026-06-11 04:08:20,Y
1480,Carys,Ahmed,carys.ahmed1480@example.net,020 7946 0150,Maidstone,Kent,United Kingdom,2026-03-15 08:27:33,2026-04-15 07:24:32,Y
1481,Priya,Hussain,priya.hussain1481@example.co.uk,+44 7700 900055,Torquay,Devon,United Kingdom,2026-03-20 20:54:05,2026-04-20 06:20:54,Y
1482,Saoirse,Turner,saoirset1482@example.co.uk,020 7946 0100,Hastings,East Sussex,United Kingdom,2026-01-24 20:05:04,2026-02-17 03:10:14,Y
1483,Ava,Hill,ahill@example.com,+44 7700 900367,Glasgow,Glasgow City,United Kingdom,2026-01-22 23:18:35,2026-02-21 15:10:30,Y
1484,Eilidh,Hughes,eilidhh26@example.co.uk,+44 7700 900287,Birkenhead,Merseyside,United Kingdom,2026-04-19 21:32:59,2026-05-13 02:03:30,Y
1485,Anya,Kelly,anyak@example.co.uk,020 7946 0399,Wakefield,West Yorkshire,United Kingdom,2026-06-23 17:44:07,2026-07-05 18:23:19,Y
1486,Freddie,Owen,freddie.owen@example.com,+44 7700 900965,Norwich,Norfolk,United Kingdom,2026-01-02 22:27:44,2026-01-20 21:49:59,N
1487,Alfie,Chapman,alfie.chapman14871487@example.net,+44 7700 900111,Taunton,Somerset,United Kingdom,2026-06-19 16:43:38,2026-06-21 12:11:48,Y
1488,Jacob,Martin,jacob.martin1488@example.co.uk,+44 7700 900929,Livingston,West Lothian,United Kingdom,2026-05-15 07:11:04,2026-05-26 11:43:26,N
1489,Leo,Bailey,lbailey@example.org.uk,020 7946 0870,Watford,Hertfordshire,United Kingdom,2026-04-19 15:24:10,2026-04-30 18:46:08,Y
1490,Millie,Lee,millie.lee18@example.org.uk,+44 7700 900791,Worthing,West Sussex,United Kingdom,2026-05-19 03:18:19,2026-06-03 12:34:32,Y
1491,Rhys,Newman,rhys.newman14@example.com,+44 7700 900467,Oldham,Greater Manchester,United Kingdom,2026-06-11 18:25:13,2026-07-11 04:25:12,N
1492,Zain,Watson,zain.watson1492@example.co.uk,+44 7700 900202,Swansea,West Glamorgan,United Kingdom,2026-05-12 01:59:29,2026-06-09 21:54:00,Y
1493,Sophie,Johnson,sophiej@example.co.uk,+44 7700 900669,Newport,Gwent,United Kingdom,2026-01-02 19:29:21,2026-01-12 06:35:21,Y
1494,Alfie,Campbell,alfie.campbell@example.org.uk,+44 7700 900867,Crewe,Cheshire,United Kingdom,2026-02-17 12:22:00,2026-02-21 01:53:12,Y
1495,Sophie,Webb,sophie.webb14951495@example.net,+44 7700 900957,Basildon,Essex,United Kingdom,2026-05-12 04:26:07,2026-06-10 19:26:16,Y
1496,Henry,Johnson,henry.johnson149627@example.co.uk,+44 7700 900307,London,Greater London,United Kingdom,2026-03-06 07:30:25,2026-03-17 16:53:52,Y
1497,Daniel,Grant,danielg241497@example.net,0117 496 0054,Chelmsford,Essex,United Kingdom,2026-05-18 08:06:28,2026-06-08 22:16:36,Y
1498,Eilidh,Bailey,eilidh.bailey149837@example.com,+44 7700 900150,Plymouth,Devon,United Kingdom,2026-04-22 00:22:56,2026-05-19 22:35:03,Y
1499,Olivia,Kelly,oliviak1499@example.com,+44 7700 900985,Winchester,Hampshire,United Kingdom,2026-01-11 04:25:26,2026-02-03 15:22:28,Y
1500,Charlotte,Johnson,charlottej@example.net,01632 969500,Southampton,Hampshire,United Kingdom,2026-02-20 15:42:17,2026-02-24 05:13:52,Y
1501,Ewan,Phillips,ewanp81@example.com,+44 7700 900450,Liverpool,Merseyside,United Kingdom,2026-06-24 22:08:20,2026-07-19 10:41:06,Y
1502,Raj,Morgan,raj.morgan50@example.com,+44 7700 900167,Reading,Berkshire,United Kingdom,2026-04-10 04:07:06,2026-05-05 04:15:15,Y
1503,Arthur,Stewart,arthur.stewart1503@example.co.uk,020 7946 0545,Cheltenham,Gloucestershire,United Kingdom,2026-01-04 21:15:03,2026-01-26 07:42:41,Y
1504,Theo,Richards,theo.richards1504@example.com,0114 496 0664,Croydon,Greater London,United Kingdom,2026-04-22 15:18:18,2026-05-07 18:06:45,Y
1505,Henry,Kelly,hkelly171505@example.co.uk,+44 7700 900354,Luton,Bedfordshire,United Kingdom,2026-02-09 23:32:11,2026-02-17 08:21:18,Y
1506,Harry,Gibson,harry.gibson@example.net,+44 7700 900390,Stockport,Greater Manchester,United Kingdom,2026-06-29 07:42:52,2026-07-12 14:13:37,Y
1507,Sophia,Doyle,sophia.doyle1507@example.com,020 7946 0987,Newport,Gwent,United Kingdom,2026-01-27 22:46:32,2026-02-16 03:59:26,Y
1508,Millie,Bailey,millieb@example.com,+44 7700 900396,Colchester,Essex,United Kingdom,2026-06-12 04:14:07,2026-06-16 16:16:24,N
1509,Liam,Kaur,liamk@example.co.uk,020 7946 0481,Swansea,West Glamorgan,United Kingdom,2026-02-07 13:01:39,2026-02-13 15:56:42,Y
1510,Sophie,Cook,sophiec1510@example.co.uk,+44 7700 900867,Croydon,Greater London,United Kingdom,2026-05-15 09:44:40,2026-05-22 17:06:07,Y
1511,Iona,Sharma,iona.sharma@example.co.uk,+44 7700 900247,Lincoln,Lincolnshire,United Kingdom,2026-05-11 13:41:03,2026-05-20 16:58:26,Y
1512,Evie,Robinson,evier99@example.net,020 7946 0166,Carlisle,Cumbria,United Kingdom,2026-03-31 22:26:15,2026-04-10 23:37:17,Y
1513,Dylan,Miller,dylan.miller1513@example.com,01632 968553,Bradford,West Yorkshire,United Kingdom,2026-06-19 23:20:13,2026-06-29 14:38:11,Y
1514,Luke,Graham,lgraham34@example.org.uk,+44 7700 900512,Inverness,Highland,United Kingdom,2026-04-21 05:16:31,2026-05-02 15:35:38,Y
1515,Iona,Campbell,iona.campbell15156@example.co.uk,0161 496 0966,Chesterfield,Derbyshire,United Kingdom,2026-01-04 21:35:49,2026-02-01 01:57:12,Y
1516,Anya,Graham,anya.graham151681@example.net,01632 966376,St Helens,Merseyside,United Kingdom,2026-04-03 23:49:37,2026-04-20 19:12:52,Y
1517,Finley,Brown,finley.brown@example.co.uk,+44 7700 900385,Derby,Derbyshire,United Kingdom,2026-02-23 18:24:05,2026-03-23 21:32:45,Y
1518,Willow,Quinn,willowq@example.com,0131 496 0324,Colchester,Essex,United Kingdom,2026-01-31 01:37:58,2026-02-28 22:30:10,Y
1519,Harry,Robinson,harryr@example.org.uk,+44 7700 900585,Telford,Shropshire,United Kingdom,2026-04-25 03:04:34,2026-05-14 13:24:20,Y
1520,Molly,White,mollyw1520@example.co.uk,020 7946 0051,Derby,Derbyshire,United Kingdom,2026-02-21 17:46:09,2026-02-22 21:58:35,Y
1521,Nancy,Ward,nancyw@example.com,+44 7700 900075,Newcastle upon Tyne,Tyne and Wear,United Kingdom,2026-03-06 17:22:57,2026-03-18 08:03:42,Y
1522,Zara,O'Brien,zara.obrien1522@example.co.uk,01632 965894,Swansea,West Glamorgan,United Kingdom,2026-04-22 02:30:26,2026-05-08 19:20:27,Y
1523,Ruby,Macdonald,rmacdonald@example.co.uk,0161 496 0199,Sunderland,Tyne and Wear,United Kingdom,2026-03-12 22:08:18,2026-03-14 16:12:08,N
1524,Callum,Chowdhury,callum.chowdhury@example.co.uk,01632 967685,Reading,Berkshire,United Kingdom,2026-02-18 23:52:25,2026-03-06 21:27:20,Y
1525,Saoirse,Campbell,saoirsec@example.co.uk,020 7946 0463,Norwich,Norfolk,United Kingdom,2026-01-20 05:28:48,2026-02-05 18:04:37,Y
1526,Ivy,Chowdhury,ivy.chowdhury1526371526@example.co.uk,01632 961877,Huddersfield,West Yorkshire,United Kingdom,2026-06-05 08:13:11,2026-06-05 13:49:24,Y
1527,Harry,Smith,harry.smith152744@example.co.uk,+44 7700 900375,Doncaster,South Yorkshire,United Kingdom,2026-01-03 16:29:32,2026-01-26 16:02:48,Y
1528,Callum,Barnes,callum.barnes152811@example.org.uk,+44 7700 900897,Woking,Surrey,United Kingdom,2026-02-26 09:45:17,2026-03-15 12:55:31,Y
1529,Reggie,Powell,reggie.powell25@example.co.uk,+44 7700 900098,Southampton,Hampshire,United Kingdom,2026-03-02 09:02:40,2026-03-06 18:01:48,Y
1530,Willow,Newman,willow.newman441530@example.com,+44 7700 900451,Shrewsbury,Shropshire,United Kingdom,2026-01-14 20:15:52,2026-01-21 13:22:52,Y
1531,Eilidh,Roberts,eilidhr@example.co.uk,01632 964627,Basingstoke,Hampshire,United Kingdom,2026-06-11 19:23:20,2026-06-14 18:19:55,Y
1532,Andrew,Bennett,andrewb@example.co.uk,+44 7700 900564,Bracknell,Berkshire,United Kingdom,2026-02-04 13:57:39,2026-02-14 00:01:19,Y
1533,George,Bell,george.bell891533@example.com,+44 7700 900349,Shrewsbury,Shropshire,United Kingdom,2026-04-02 07:46:17,2026-04-07 15:47:51,Y
1534,Raj,Shaw,rajs441534@example.net,0131 496 0892,Newport,Gwent,United Kingdom,2026-05-30 03:46:47,2026-06-21 16:28:03,Y
1535,Iona,Ward,iona.ward@example.org.uk,0115 496 0713,Oldham,Greater Manchester,United Kingdom,2026-06-12 19:35:13,2026-07-09 09:49:33,Y
1536,Evie,Dixon,evie.dixon69@example.net,+44 7700 900477,Londonderry,County Londonderry,United Kingdom,2026-05-29 20:51:54,2026-06-23 09:01:22,Y
1537,Zain,Cook,zcook@example.co.uk,+44 7700 900545,Worcester,Worcestershire,United Kingdom,2026-04-22 11:09:57,2026-05-07 13:41:08,Y
1538,Raj,Jackson,raj.jackson1538@example.co.uk,029 496 0854,Southend-on-Sea,Essex,United Kingdom,2026-02-15 06:36:31,2026-03-18 05:48:12,Y
1539,Emily,Murray,emily.murray153998@example.co.uk,01632 960688,Bolton,Greater Manchester,United Kingdom,2026-03-21 05:56:11,2026-04-16 18:39:49,Y
1540,Chloe,Knight,chloek@example.co.uk,+44 7700 900267,Telford,Shropshire,United Kingdom,2026-02-06 02:27:15,2026-02-20 22:52:21,Y
1541,Alfie,Jackson,ajackson21@example.org.uk,+44 7700 900807,Stirling,Stirlingshire,United Kingdom,2026-02-05 23:48:51,2026-02-06 18:55:15,Y
1542,Oscar,Brown,oscar.brown1542@example.co.uk,0161 496 0138,Winchester,Hampshire,United Kingdom,2026-01-29 00:48:53,2026-02-18 01:57:08,Y
1543,Oscar,Khan,okhan56@example.org.uk,01632 969544,Inverness,Highland,United Kingdom,2026-03-10 04:40:38,2026-03-10 05:30:44,Y
1544,Noah,Price,nprice151544@example.co.uk,0121 496 0045,Bath,Somerset,United Kingdom,2026-03-28 22:05:12,2026-04-02 13:53:48,Y
1545,Ivy,Doyle,ivyd1545@example.com,+44 7700 900612,Liverpool,Merseyside,United Kingdom,2026-02-11 09:21:30,2026-02-15 16:25:04,Y
1546,Daisy,Roberts,daisy.roberts@example.com,+44 7700 900751,Cardiff,South Glamorgan,United Kingdom,2026-06-10 17:07:01,2026-07-06 18:13:35,Y
1547,Daisy,Walker,daisyw71@example.co.uk,+44 7700 900094,Edinburgh,City of Edinburgh,United Kingdom,2026-05-11 13:09:00,2026-06-09 20:10:14,Y
1548,Mia,Gibson,mia.gibson15481548@example.org.uk,+44 7700 900004,Londonderry,County Londonderry,United Kingdom,2026-02-07 11:41:18,2026-02-15 09:06:01,Y
1549,Molly,Jackson,molly.jackson@example.com,+44 7700 900985,Bournemouth,Dorset,United Kingdom,2026-01-29 15:10:07,2026-02-05 18:28:29,Y
1550,Amelia,Watson,awatson3@example.com,01632 960199,Peterborough,Cambridgeshire,United Kingdom,2026-03-27 03:23:59,2026-04-25 06:21:01,Y
1551,Bethan,Murray,bmurray14@example.co.uk,01632 961277,Manchester,Greater Manchester,United Kingdom,2026-02-15 13:33:21,2026-03-06 19:16:48,Y
1552,Charlotte,Harris,charlotte.harris@example.co.uk,+44 7700 900161,Telford,Shropshire,United Kingdom,2026-06-20 21:19:39,2026-07-17 06:42:35,Y
1553,Nathan,James,nathanj@example.net,+44 7700 900351,Basingstoke,Hampshire,United Kingdom,2026-05-08 21:23:59,2026-05-17 20:15:03,Y
1554,Ben,Martin,ben.martin155490@example.co.uk,+44 7700 900229,Oxford,Oxfordshire,United Kingdom,2026-02-08 20:09:20,2026-02-13 08:38:06,Y
1555,Noah,Wood,noah.wood15557@example.co.uk,+44 7700 900331,Solihull,West Midlands,United Kingdom,2026-05-03 02:07:36,2026-05-17 01:24:45,Y
1556,Freddie,Campbell,freddiec1556@example.com,01632 965203,Sheffield,South Yorkshire,United Kingdom,2026-02-02 05:49:24,2026-02-13 16:20:51,Y
1557,Zara,Jones,zara.jones15571557@example.net,0191 496 0404,Bolton,Greater Manchester,United Kingdom,2026-04-16 19:50:40,2026-04-27 00:42:21,Y
1558,Chloe,Ward,chloe.ward87@example.org.uk,01632 969068,Basildon,Essex,United Kingdom,2026-04-09 13:35:31,2026-04-27 07:07:05,Y
1559,Jack,Phillips,jackp36@example.co.uk,+44 7700 900760,Sunderland,Tyne and Wear,United Kingdom,2026-02-28 12:05:37,2026-03-23 01:39:13,Y
1560,Poppy,Campbell,pcampbell84@example.com,+44 7700 900874,Livingston,West Lothian,United Kingdom,2026-02-26 22:05:15,2026-03-09 22:19:09,Y
1561,Oscar,Green,ogreen24@example.co.uk,+44 7700 900748,Livingston,West Lothian,United Kingdom,2026-05-23 15:08:58,2026-05-26 17:07:20,Y
1562,Jessica,Hussain,jessica.hussain1562@example.co.uk,0191 496 0443,Warrington,Cheshire,United Kingdom,2026-02-05 09:29:09,2026-03-04 03:29:07,Y
1563,Aoife,Owen,aoifeo@example.co.uk,+44 7700 900974,Taunton,Somerset,United Kingdom,2026-02-23 07:03:47,2026-02-27 10:48:32,Y
1564,Florence,Clarke,florence.clarke1564@example.net,+44 7700 900359,Southport,Merseyside,United Kingdom,2026-01-07 22:27:23,2026-01-09 20:34:05,Y
1565,Daisy,Barnes,daisy.barnes1565@example.org.uk,020 7946 0231,Livingston,West Lothian,United Kingdom,2026-05-03 19:55:10,2026-05-04 00:18:19,Y
1566,Ruby,Jones,ruby.jones48@example.co.uk,+44 7700 900569,Plymouth,Devon,United Kingdom,2026-01-20 00:36:53,2026-02-15 13:46:41,Y
1567,Andrew,Doyle,andrewd52@example.org.uk,01632 968341,Southend-on-Sea,Essex,United Kingdom,2026-02-05 23:33:44,2026-03-08 09:04:10,Y
1568,Liam,Harris,liam.harris15681568@example.net,01632 964067,Norwich,Norfolk,United Kingdom,2026-04-24 20:44:00,2026-05-03 23:53:03,Y
1569,Bonnie,Bailey,bonnie.bailey1569@example.co.uk,+44 7700 900661,Worcester,Worcestershire,United Kingdom,2026-01-09 19:48:11,2026-01-26 00:48:36,Y
1570,Oscar,Morris,omorris@example.co.uk,+44 7700 900535,Reading,Berkshire,United Kingdom,2026-06-24 14:35:45,2026-07-20 23:34:21,Y
1571,Ewan,Owen,ewan.owen15711571@example.co.uk,0114 496 0184,Cheltenham,Gloucestershire,United Kingdom,2026-02-28 13:59:10,2026-03-08 16:32:34,N
1572,Raj,Hill,rajh@example.co.uk,+44 7700 900587,Gateshead,Tyne and Wear,United Kingdom,2026-02-02 23:13:25,2026-02-22 00:27:50,Y
1573,Poppy,Turner,poppy.turner1573@example.org.uk,+44 7700 900568,Bedford,Bedfordshire,United Kingdom,2026-05-24 19:53:04,2026-06-20 18:22:34,Y
1574,Daniel,Bennett,danielb@example.co.uk,01632 964573,Worcester,Worcestershire,United Kingdom,2026-06-14 12:52:24,2026-06-19 14:43:47,Y
1575,Ben,Baker,ben.baker61@example.co.uk,+44 7700 900773,Bath,Somerset,United Kingdom,2026-02-19 08:06:06,2026-02-21 19:44:55,Y
1576,Leo,Murray,leom@example.com,0117 496 0468,Stirling,Stirlingshire,United Kingdom,2026-01-08 07:18:10,2026-01-25 10:22:23,Y
1577,Callum,King,cking241577@example.org.uk,0115 496 0387,Winchester,Hampshire,United Kingdom,2026-03-21 06:35:12,2026-04-10 07:50:29,Y
1578,Aoife,Clark,aoife.clark@example.net,01632 967529,Birkenhead,Merseyside,United Kingdom,2026-05-26 18:02:36,2026-06-21 09:04:39,Y
1579,Finley,Baker,finley.baker@example.org.uk,020 7946 0576,Ipswich,Suffolk,United Kingdom,2026-03-21 00:22:48,2026-03-30 12:55:00,Y
1580,Mia,Thompson,mia.thompson1580@example.co.uk,+44 7700 900128,Birkenhead,Merseyside,United Kingdom,2026-04-11 23:22:08,2026-05-04 20:28:29,Y
1581,Jack,Hughes,jackh1581@example.org.uk,01632 965025,Truro,Cornwall,United Kingdom,2026-05-09 03:32:51,2026-06-02 07:34:28,Y
1582,Jacob,Cook,jacob.cook21@example.net,01632 960292,Wrexham,Clwyd,United Kingdom,2026-05-03 18:55:54,2026-05-05 04:06:03,Y
1583,Mia,Barker,miab@example.co.uk,+44 7700 900358,Stirling,Stirlingshire,United Kingdom,2026-01-21 20:05:45,2026-01-29 02:57:28,Y
1584,Ivy,Graham,ivy.graham1584@example.co.uk,020 7946 0080,Derby,Derbyshire,United Kingdom,2026-02-11 16:33:46,2026-03-03 13:07:45,Y
1585,Daniel,Chowdhury,dchowdhury18@example.com,020 7946 0975,Croydon,Greater London,United Kingdom,2026-04-25 04:21:18,2026-05-07 00:15:45,Y
1586,Oliver,Thompson,oliver.thompson1586@example.co.uk,01632 961672,Telford,Shropshire,United Kingdom,2026-06-24 12:15:13,2026-07-14 07:19:22,Y
1587,Ewan,Mason,emason@example.com,020 7946 0517,Leicester,Leicestershire,United Kingdom,2026-05-08 03:51:00,2026-05-12 13:26:55,N
1588,Megan,Reid,meganr@example.net,+44 7700 900020,Lincoln,Lincolnshire,United Kingdom,2026-01-23 15:06:29,2026-02-02 21:05:47,Y
1589,Michael,Harris,michael.harris1589@example.co.uk,+44 7700 900683,Milton Keynes,Buckinghamshire,United Kingdom,2026-03-13 18:23:22,2026-03-15 20:35:07,Y
1590,Jessica,Cook,jcook1590@example.co.uk,+44 7700 900220,Crewe,Cheshire,United Kingdom,2026-03-08 15:16:48,2026-04-06 05:58:47,Y
1591,Lily,Campbell,lily.campbell8@example.com,01632 962060,Torquay,Devon,United Kingdom,2026-02-01 18:31:02,2026-02-13 03:56:28,Y
1592,Saoirse,Cooper,saoirse.cooper1592@example.co.uk,+44 7700 900993,Hastings,East Sussex,United Kingdom,2026-06-24 04:28:23,2026-07-10 23:48:46,Y
1593,Rhys,O'Brien,rhyso101593@example.co.uk,020 7946 0661,Poole,Dorset,United Kingdom,2026-04-16 16:28:16,2026-05-15 13:30:55,N
1594,Mia,Clarke,mclarke54@example.com,+44 7700 900583,Portsmouth,Hampshire,United Kingdom,2026-01-15 23:50:15,2026-02-07 16:50:24,Y
1595,Sam,Ward,sam.ward@example.co.uk,+44 7700 900712,Birkenhead,Merseyside,United Kingdom,2026-03-16 12:10:36,2026-03-28 14:25:00,Y
1596,Grace,Hall,ghall@example.co.uk,+44 7700 900331,Leicester,Leicestershire,United Kingdom,2026-06-21 02:22:29,2026-07-05 22:57:26,Y
1597,Lucy,Foster,lucy.foster@example.net,01632 966274,Leicester,Leicestershire,United Kingdom,2026-01-28 02:11:46,2026-01-31 15:01:13,Y
1598,Maisie,Murphy,mmurphy@example.co.uk,+44 7700 900752,Basildon,Essex,United Kingdom,2026-03-26 02:20:21,2026-04-14 17:34:05,Y
1599,Leo,Kelly,leok35@example.com,01632 965354,Sheffield,South Yorkshire,United Kingdom,2026-01-30 08:29:02,2026-02-16 12:59:11,Y
1600,Poppy,White,poppy.white@example.co.uk,+44 7700 900481,Swansea,West Glamorgan,United Kingdom,2026-03-23 18:02:38,2026-04-17 06:06:37,Y
1601,Maisie,Clarke,maisie.clarke69@example.co.uk,+44 7700 900148,Newcastle upon Tyne,Tyne and Wear,United Kingdom,2026-04-21 15:13:03,2026-04-27 16:01:46,Y
1602,Theo,Edwards,theoe@example.co.uk,+44 7700 900613,Worcester,Worcestershire,United Kingdom,2026-03-06 20:11:05,2026-03-10 22:28:30,Y
1603,Elsie,Watson,elsie.watson160345@example.co.uk,0121 496 0702,St Albans,Hertfordshire,United Kingdom,2026-04-26 13:33:13,2026-05-17 21:45:06,Y
1604,Eilidh,Morris,eilidhm89@example.co.uk,+44 7700 900915,Chesterfield,Derbyshire,United Kingdom,2026-04-20 10:48:19,2026-04-25 17:10:45,Y
1605,Maisie,Thompson,maisie.thompson@example.co.uk,0114 496 0635,Glasgow,Glasgow City,United Kingdom,2026-05-18 22:50:10,2026-06-18 21:17:32,Y
1606,Theo,Green,theog1606@example.net,0117 496 0881,Doncaster,South Yorkshire,United Kingdom,2026-05-27 12:52:00,2026-06-14 08:04:04,Y
1607,William,Quinn,wquinn@example.net,0114 496 0349,Wrexham,Clwyd,United Kingdom,2026-05-29 19:09:20,2026-06-20 18:57:12,Y
1608,Iona,Griffiths,igriffiths@example.co.uk,+44 7700 900991,Londonderry,County Londonderry,United Kingdom,2026-03-23 00:09:57,2026-04-06 04:41:52,Y
1609,Mia,Wood,mia.wood1609@example.com,+44 7700 900696,Edinburgh,City of Edinburgh,United Kingdom,2026-06-22 13:16:33,2026-07-15 13:45:26,Y
1610,Oscar,Palmer,opalmer53@example.co.uk,020 7946 0187,Kingston upon Hull,East Riding of Yorkshire,United Kingdom,2026-06-12 14:40:37,2026-06-15 15:54:24,N
1611,Lily,Murray,lily.murray53@example.net,+44 7700 900609,Newcastle upon Tyne,Tyne and Wear,United Kingdom,2026-04-18 22:34:49,2026-04-24 17:59:02,Y
1612,Hannah,Clark,hclark37@example.org.uk,+44 7700 900888,Leeds,West Yorkshire,United Kingdom,2026-02-18 21:36:00,2026-03-02 08:37:19,Y
1613,Oscar,Cook,oscar.cook571613@example.co.uk,0161 496 0681,Solihull,West Midlands,United Kingdom,2026-05-09 03:44:31,2026-05-29 18:10:57,Y
1614,Aisha,Parker,aparker25@example.com,01632 969166,Poole,Dorset,United Kingdom,2026-05-19 13:33:48,2026-05-29 17:32:59,Y
1615,Toby,Webb,toby.webb42@example.co.uk,+44 7700 900064,Truro,Cornwall,United Kingdom,2026-04-06 05:35:38,2026-04-11 23:03:02,Y
1616,Grace,Griffiths,ggriffiths241616@example.com,+44 7700 900168,Bury St Edmunds,Suffolk,United Kingdom,2026-06-18 22:43:27,2026-07-09 08:28:06,Y
1617,Freya,Sharma,freyas@example.org.uk,01632 961478,Great Yarmouth,Norfolk,United Kingdom,2026-01-26 02:51:53,2026-01-29 05:32:54,Y
1618,Bonnie,Hall,bhall@example.com,0121 496 0548,Livingston,West Lothian,United Kingdom,2026-04-16 03:31:47,2026-05-10 23:31:21,Y
1619,Bonnie,Hunt,bhunt5@example.net,+44 7700 900950,Slough,Berkshire,United Kingdom,2026-04-24 16:37:51,2026-04-26 13:56:45,Y
1620,Aisha,Price,aisha.price162017@example.co.uk,020 7946 0844,Portsmouth,Hampshire,United Kingdom,2026-02-27 14:35:24,2026-03-02 21:29:54,N
1621,Andrew,Roberts,andrew.roberts162135@example.co.uk,+44 7700 900152,Colchester,Essex,United Kingdom,2026-03-31 14:26:58,2026-04-27 11:12:48,Y
1622,Henry,Macdonald,hmacdonald86@example.co.uk,+44 7700 900469,Belfast,County Antrim,United Kingdom,2026-01-02 11:50:14,2026-01-18 21:08:10,Y
1623,Lily,Phillips,lily.phillips1623@example.net,+44 7700 900018,Worcester,Worcestershire,United Kingdom,2026-03-20 13:43:15,2026-03-21 02:45:15,Y
1624,William,Dixon,williamd1624@example.com,+44 7700 900918,Chester,Cheshire,United Kingdom,2026-04-06 16:52:47,2026-04-26 03:13:57,N
1625,Florence,Hill,fhill321625@example.co.uk,+44 7700 900259,Chester,Cheshire,United Kingdom,2026-04-21 07:35:25,2026-04-28 03:16:50,Y
1626,Liam,Shaw,lshaw@example.co.uk,+44 7700 900403,Truro,Cornwall,United Kingdom,2026-05-28 13:08:40,2026-06-10 12:20:05,Y
1627,Lucy,Baker,lbaker@example.co.uk,+44 7700 900944,Paisley,Renfrewshire,United Kingdom,2026-05-13 05:27:14,2026-05-17 04:18:22,Y
1628,Fraser,Chowdhury,fchowdhury@example.com,0191 496 0142,Bradford,West Yorkshire,United Kingdom,2026-06-11 18:50:25,2026-07-08 15:48:41,Y
1629,Arjun,Graham,arjun.graham@example.co.uk,01632 962966,Loughborough,Leicestershire,United Kingdom,2026-02-10 10:13:05,2026-02-12 10:40:05,Y
1630,Max,Mason,max.mason70@example.co.uk,+44 7700 900392,Plymouth,Devon,United Kingdom,2026-06-01 04:01:39,2026-06-23 21:59:44,Y
1631,Emily,Lewis,elewis1631@example.co.uk,+44 7700 900320,Doncaster,South Yorkshire,United Kingdom,2026-01-07 23:46:08,2026-01-22 20:26:57,Y
1632,Olivia,Walker,olivia.walker1632@example.co.uk,01632 962506,Banbury,Oxfordshire,United Kingdom,2026-03-03 20:57:14,2026-03-13 03:32:07,Y
1633,Ivy,Begum,ivy.begum@example.com,+44 7700 900612,Enfield,Greater London,United Kingdom,2026-04-07 08:42:03,2026-04-15 11:41:12,Y
1634,Elliot,Green,elliotg591634@example.co.uk,+44 7700 900199,Banbury,Oxfordshire,United Kingdom,2026-06-13 18:55:06,2026-06-17 09:54:44,Y
1635,Aoife,Begum,aoife.begum@example.co.uk,+44 7700 900695,Bangor,County Down,United Kingdom,2026-02-06 09:16:57,2026-02-11 11:21:28,Y
1636,Ryan,Green,ryang691636@example.co.uk,+44 7700 900312,Wrexham,Clwyd,United Kingdom,2026-02-23 12:06:31,2026-03-20 12:32:35,Y
1637,Olivia,Brown,obrown@example.co.uk,0161 496 0707,St Helens,Merseyside,United Kingdom,2026-06-10 02:13:43,2026-06-23 15:10:03,Y
1638,William,Owen,william.owen@example.co.uk,+44 7700 900869,Leeds,West Yorkshire,United Kingdom,2026-04-26 05:11:19,2026-04-26 10:53:55,Y
1639,Hannah,Kelly,hannah.kelly93@example.net,+44 7700 900101,Stoke-on-Trent,Staffordshire,United Kingdom,2026-01-09 03:21:22,2026-01-24 22:59:56,Y
1640,Megan,Johnson,megan.johnson27@example.net,0131 496 0737,Crawley,West Sussex,United Kingdom,2026-05-14 23:16:59,2026-05-18 05:55:00,Y
1641,Conor,Fraser,conor.fraser96@example.net,+44 7700 900707,Sunderland,Tyne and Wear,United Kingdom,2026-05-13 16:48:09,2026-05-20 03:56:06,Y
1642,Nathan,Sharma,nathan.sharma1642641642@example.com,+44 7700 900732,Swindon,Wiltshire,United Kingdom,2026-03-25 04:14:05,2026-04-18 02:22:22,Y
1643,Abigail,White,awhite1643@example.net,+44 7700 900943,Hastings,East Sussex,United Kingdom,2026-02-21 02:22:45,2026-03-10 22:41:14,Y
1644,Ivy,Parker,ivyp80@example.org.uk,01632 964589,Warrington,Cheshire,United Kingdom,2026-05-07 13:32:25,2026-06-05 19:48:36,Y
1645,Iona,Ali,iona.ali16455@example.net,+44 7700 900323,Harrogate,North Yorkshire,United Kingdom,2026-03-13 12:06:37,2026-04-08 06:25:47,Y
1646,Charlotte,Rees,crees53@example.co.uk,01632 962750,Peterborough,Cambridgeshire,United Kingdom,2026-05-05 13:56:28,2026-05-19 09:43:45,Y
1647,Megan,Sharma,megan.sharma164770@example.net,+44 7700 900657,Cheltenham,Gloucestershire,United Kingdom,2026-06-09 03:38:24,2026-06-22 10:14:46,Y
1648,Ivy,Cooper,ivy.cooper@example.co.uk,020 7946 0991,Southend-on-Sea,Essex,United Kingdom,2026-06-11 02:28:10,2026-07-09 04:00:26,Y
1649,Jack,Campbell,jack.campbell164959@example.co.uk,0117 496 0570,Dartford,Kent,United Kingdom,2026-03-17 19:52:56,2026-04-07 12:15:21,Y
1650,Elliot,Bailey,elliotb64@example.co.uk,020 7946 0215,Hastings,East Sussex,United Kingdom,2026-02-16 10:27:50,2026-02-21 21:42:54,Y
1651,Lucy,Macdonald,lucy.macdonald1651291651@example.net,+44 7700 900781,Doncaster,South Yorkshire,United Kingdom,2026-04-06 11:09:49,2026-04-16 14:10:09,Y
1652,George,Martin,gmartin@example.org.uk,+44 7700 900187,Gloucester,Gloucestershire,United Kingdom,2026-03-26 06:29:36,2026-04-20 17:26:50,Y
1653,Noah,Ali,nali@example.co.uk,+44 7700 900391,Worcester,Worcestershire,United Kingdom,2026-04-09 09:38:13,2026-04-25 15:44:48,Y
1654,Abigail,Ross,aross1654@example.net,020 7946 0703,Belfast,County Antrim,United Kingdom,2026-06-05 21:04:36,2026-07-04 17:31:19,Y
1655,Megan,Walker,meganw@example.net,+44 7700 900493,Stirling,Stirlingshire,United Kingdom,2026-03-23 10:12:12,2026-03-25 01:43:14,N
1656,Saoirse,Martin,saoirse.martin1656@example.net,+44 7700 900242,Bangor,County Down,United Kingdom,2026-04-18 03:07:28,2026-04-23 22:28:05,Y
1657,Bethan,Thompson,bethan.thompson165737@example.net,01632 962064,Colchester,Essex,United Kingdom,2026-05-28 00:18:01,2026-06-17 18:18:59,Y
1658,Maisie,Khan,mkhan@example.com,01632 964622,Blackpool,Lancashire,United Kingdom,2026-02-03 12:02:57,2026-02-21 04:05:18,Y
1659,Alfie,Moore,alfiem70@example.net,020 7946 0209,Southend-on-Sea,Essex,United Kingdom,2026-01-18 15:06:53,2026-02-13 04:53:12,Y
1660,Thomas,Khan,thomas.khan1660@example.co.uk,+44 7700 900504,Wrexham,Clwyd,United Kingdom,2026-03-30 12:05:35,2026-04-23 22:37:14,Y
1661,David,O'Brien,david.obrien166172@example.com,01632 968157,Dartford,Kent,United Kingdom,2026-03-18 22:29:31,2026-04-15 19:27:38,Y
1662,Mohammed,Fraser,mfraser92@example.com,+44 7700 900489,Reading,Berkshire,United Kingdom,2026-06-08 03:01:14,2026-06-09 03:09:20,N
1663,Mohammed,Reid,mohammedr621663@example.co.uk,020 7946 0801,Romford,Greater London,United Kingdom,2026-06-26 23:27:14,2026-07-02 01:40:00,Y
1664,Thomas,Richards,thomas.richards166476@example.net,+44 7700 900191,Exeter,Devon,United Kingdom,2026-04-05 17:00:59,2026-04-27 18:17:55,Y
1665,Thomas,Turner,thomas.turner@example.com,020 7946 0564,Maidstone,Kent,United Kingdom,2026-01-29 01:19:04,2026-02-06 12:03:43,Y
1666,Poppy,Stewart,poppy.stewart16668@example.co.uk,0117 496 0665,Rotherham,South Yorkshire,United Kingdom,2026-04-08 08:44:10,2026-05-07 13:21:39,Y
1667,Finley,O'Brien,finley.obrien16671667@example.co.uk,01632 961188,Huddersfield,West Yorkshire,United Kingdom,2026-03-23 04:48:37,2026-04-20 18:29:05,Y
1668,Arjun,Watson,arjun.watson@example.net,+44 7700 900393,Lisburn,County Antrim,United Kingdom,2026-05-14 16:15:36,2026-05-30 13:46:53,Y
1669,Reggie,Chowdhury,reggie.chowdhury1669@example.co.uk,+44 7700 900662,Newport,Gwent,United Kingdom,2026-05-04 07:05:16,2026-05-28 16:50:21,Y
1670,Hannah,Ross,hannah.ross1670@example.org.uk,0115 496 0319,Bangor,County Down,United Kingdom,2026-03-04 21:41:47,2026-04-01 04:25:51,Y
1671,Theo,Moore,theom101671@example.co.uk,+44 7700 900831,Edinburgh,City of Edinburgh,United Kingdom,2026-05-07 01:13:00,2026-05-28 07:42:52,Y
1672,Erin,Price,eprice1672@example.org.uk,01632 967720,Birmingham,West Midlands,United Kingdom,2026-05-05 03:21:13,2026-05-31 22:09:46,Y
1673,Charlie,Kaur,charlie.kaur@example.net,+44 7700 900637,St Albans,Hertfordshire,United Kingdom,2026-03-22 09:45:29,2026-04-11 14:40:01,Y
1674,Amelia,Davis,amelia.davis1674@example.co.uk,+44 7700 900150,Warrington,Cheshire,United Kingdom,2026-02-03 07:58:23,2026-02-15 22:54:02,Y
1675,Elliot,Quinn,equinn39@example.net,+44 7700 900233,Swansea,West Glamorgan,United Kingdom,2026-04-13 06:04:17,2026-04-26 11:47:36,N
1676,Owen,Ahmed,owen.ahmed1676@example.co.uk,0113 496 0713,Rotherham,South Yorkshire,United Kingdom,2026-05-28 20:06:09,2026-06-11 23:53:16,Y
1677,Toby,Turner,toby.turner101677@example.co.uk,+44 7700 900440,Kingston upon Hull,East Riding of Yorkshire,United Kingdom,2026-04-28 05:17:01,2026-05-14 02:50:29,Y
1678,Abigail,Thompson,abigailt@example.net,020 7946 0874,Colchester,Essex,United Kingdom,2026-01-31 17:05:22,2026-02-13 23:14:47,Y
1679,Ethan,Martin,ethan.martin@example.net,+44 7700 900788,Barnsley,South Yorkshire,United Kingdom,2026-05-11 10:03:28,2026-05-19 21:09:31,Y
1680,Chloe,Quinn,cquinn771680@example.org.uk,+44 7700 900625,Eastbourne,East Sussex,United Kingdom,2026-04-19 06:18:12,2026-05-01 11:56:29,Y
1681,Bethan,Wood,bethan.wood16811681@example.co.uk,020 7946 0101,Croydon,Greater London,United Kingdom,2026-05-07 16:27:06,2026-05-28 18:08:21,N
1682,Ella,Jones,ella.jones168251@example.com,01632 964004,Southport,Merseyside,United Kingdom,2026-02-26 03:03:57,2026-02-27 21:21:12,Y
1683,Aoife,Singh,aoifes53@example.com,+44 7700 900054,Cheltenham,Gloucestershire,United Kingdom,2026-01-26 08:14:56,2026-02-15 07:00:21,Y
1684,Oscar,Ross,oscar.ross1684@example.org.uk,+44 7700 900781,Southampton,Hampshire,United Kingdom,2026-01-26 07:46:52,2026-02-24 06:04:23,Y
1685,Mia,Evans,mia.evans16851685@example.net,0151 496 0819,Taunton,Somerset,United Kingdom,2026-02-22 11:40:18,2026-03-17 06:59:04,Y
1686,Liam,Miller,lmiller26@example.net,01632 960278,Hastings,East Sussex,United Kingdom,2026-02-17 16:58:44,2026-03-09 08:46:03,Y
1687,Grace,Wilson,grace.wilson1687581687@example.co.uk,0131 496 0722,Bury St Edmunds,Suffolk,United Kingdom,2026-06-26 07:10:20,2026-07-17 09:20:31,Y
1688,Reggie,Cooper,rcooper97@example.net,+44 7700 900813,Romford,Greater London,United Kingdom,2026-04-27 04:00:42,2026-05-12 17:21:43,Y
1689,Henry,Edwards,henry.edwards57@example.co.uk,020 7946 0396,Plymouth,Devon,United Kingdom,2026-03-09 02:10:43,2026-04-02 02:49:05,N
1690,Freya,Edwards,freya.edwards@example.org.uk,01632 963262,Crewe,Cheshire,United Kingdom,2026-05-30 00:31:55,2026-06-06 15:38:57,Y
1691,Bethan,Morgan,bethanm20@example.com,0131 496 0479,Croydon,Greater London,United Kingdom,2026-05-26 21:18:53,2026-06-03 13:51:03,Y
1692,Evie,Martin,eviem@example.co.uk,0115 496 0286,Sunderland,Tyne and Wear,United Kingdom,2026-01-25 03:19:51,2026-02-17 13:48:22,Y
1693,Charlie,Khan,charlie.khan50@example.org.uk,029 496 0067,Sheffield,South Yorkshire,United Kingdom,2026-05-20 08:42:31,2026-05-28 20:11:31,Y
1694,Grace,Fraser,grace.fraser1694@example.co.uk,01632 964854,Wolverhampton,West Midlands,United Kingdom,2026-03-19 22:21:57,2026-04-05 20:16:52,Y
1695,Adam,Harris,adam.harris1695@example.com,+44 7700 900707,Southend-on-Sea,Essex,United Kingdom,2026-06-02 15:07:17,2026-06-24 07:53:57,Y
1696,Theo,Wilson,twilson@example.org.uk,+44 7700 900570,Mansfield,Nottinghamshire,United Kingdom,2026-04-16 07:42:09,2026-04-27 22:43:24,Y
1697,Fatima,Bennett,fatima.bennett1697@example.co.uk,020 7946 0181,St Helens,Merseyside,United Kingdom,2026-06-28 13:23:13,2026-07-21 15:36:11,N
1698,Iona,Kelly,ikelly@example.net,029 496 0889,Inverness,Highland,United Kingdom,2026-06-13 03:17:56,2026-07-04 00:52:53,Y
1699,Henry,Harrison,henry.harrison40@example.co.uk,+44 7700 900613,Norwich,Norfolk,United Kingdom,2026-05-15 05:16:58,2026-06-05 17:13:19,Y
1700,Jack,Mason,jackm@example.co.uk,020 7946 0125,Colchester,Essex,United Kingdom,2026-04-17 08:19:12,2026-04-19 02:52:56,Y
1701,Alfie,Barnes,abarnes@example.net,01632 960677,Torquay,Devon,United Kingdom,2026-06-06 03:27:50,2026-06-20 22:18:40,Y
1702,Ben,Ward,benw92@example.co.uk,+44 7700 900062,Barnsley,South Yorkshire,United Kingdom,2026-01-29 00:31:59,2026-02-19 05:01:42,Y
1703,Jacob,Clarke,jacob.clarke170368@example.org.uk,+44 7700 900349,Lisburn,County Antrim,United Kingdom,2026-03-16 19:35:42,2026-03-22 05:07:00,Y
1704,Fatima,Begum,fatima.begum921704@example.com,+44 7700 900721,Leeds,West Yorkshire,United Kingdom,2026-03-17 00:29:02,2026-03-23 10:21:39,Y
1705,Ava,Bennett,avab@example.co.uk,+44 7700 900473,Barnsley,South Yorkshire,United Kingdom,2026-05-06 09:00:27,2026-05-18 06:53:27,Y
1706,Sophie,Fraser,sophie.fraser@example.com,+44 7700 900917,Gloucester,Gloucestershire,United Kingdom,2026-02-05 11:56:18,2026-03-03 04:39:07,Y
1707,Fatima,Robinson,fatima.robinson170782@example.com,029 496 0880,Peterborough,Cambridgeshire,United Kingdom,2026-01-23 22:17:09,2026-02-16 04:44:46,Y
1708,Emily,Chapman,emily.chapman1708481708@example.com,+44 7700 900739,Bracknell,Berkshire,United Kingdom,2026-03-16 07:02:30,2026-04-14 18:18:21,Y
1709,Maisie,Ali,mali43@example.net,01632 963598,Croydon,Greater London,United Kingdom,2026-04-09 13:25:57,2026-04-12 22:24:16,Y
1710,Zara,Baker,zara.baker1710@example.org.uk,0121 496 0000,Southport,Merseyside,United Kingdom,2026-02-14 18:27:43,2026-03-15 05:19:20,Y
1711,Ryan,Hall,ryan.hall@example.net,020 7946 0083,Londonderry,County Londonderry,United Kingdom,2026-02-21 08:08:26,2026-03-10 14:27:45,Y
1712,Ben,Murphy,benm991712@example.net,+44 7700 900668,Kingston upon Hull,East Riding of Yorkshire,United Kingdom,2026-05-26 20:29:34,2026-06-01 09:20:30,Y
1713,Mohammed,Johnson,mohammedj93@example.com,01632 960158,Luton,Bedfordshire,United Kingdom,2026-01-25 04:33:28,2026-02-16 15:06:27,Y
1714,Isla,Lewis,isla.lewis18@example.co.uk,+44 7700 900925,Glasgow,Glasgow City,United Kingdom,2026-04-02 14:22:27,2026-04-17 03:48:56,Y
1715,Harper,Ali,hali1715@example.com,0151 496 0412,Torquay,Devon,United Kingdom,2026-05-24 00:49:26,2026-05-26 05:29:24,Y
1716,Fatima,Harrison,fatimah@example.co.uk,01632 967856,Crewe,Cheshire,United Kingdom,2026-03-04 18:32:23,2026-03-09 14:07:20,Y
1717,Daniel,Clark,danielc@example.org.uk,01632 962552,Reading,Berkshire,United Kingdom,2026-03-17 01:48:54,2026-03-29 06:14:36,Y
1718,Adam,Palmer,adam.palmer171814@example.co.uk,+44 7700 900784,Milton Keynes,Buckinghamshire,United Kingdom,2026-05-13 14:53:03,2026-05-15 16:10:56,N
1719,Owen,Gibson,owen.gibson171997@example.co.uk,+44 7700 900533,Oxford,Oxfordshire,United Kingdom,2026-01-28 10:38:06,2026-02-23 20:14:36,Y
1720,Ella,Foster,ella.foster1720@example.net,020 7946 0450,Barnsley,South Yorkshire,United Kingdom,2026-01-16 03:47:37,2026-02-06 20:35:22,Y
1721,Ivy,Begum,ivy.begum17211721@example.net,+44 7700 900667,Stevenage,Hertfordshire,United Kingdom,2026-02-22 16:09:35,2026-03-18 07:17:49,Y
1722,Joshua,Williams,joshua.williams17221722@example.org.uk,020 7946 0502,Blackpool,Lancashire,United Kingdom,2026-06-13 04:19:40,2026-06-23 04:18:40,Y
1723,Elsie,Brown,elsie.brown1723@example.net,01632 965005,Perth,Perth and Kinross,United Kingdom,2026-06-09 22:12:07,2026-06-11 22:21:45,Y
1724,Chloe,Singh,chloes@example.org.uk,+44 7700 900037,Cheltenham,Gloucestershire,United Kingdom,2026-05-14 03:15:13,2026-05-17 18:17:06,Y
1725,Eilidh,Newman,eilidh.newman172512@example.net,+44 7700 900484,Southport,Merseyside,United Kingdom,2026-04-11 01:59:07,2026-04-20 14:29:18,Y
1726,Ethan,Edwards,ethan.edwards172611@example.co.uk,+44 7700 900477,Blackburn,Lancashire,United Kingdom,2026-05-20 08:52:39,2026-06-10 23:47:21,Y
1727,Mia,Lewis,mial441727@example.org.uk,01632 966507,St Albans,Hertfordshire,United Kingdom,2026-04-21 04:40:01,2026-04-26 09:32:48,Y
1728,Fraser,Hughes,fraser.hughes@example.net,+44 7700 900366,Oxford,Oxfordshire,United Kingdom,2026-02-13 16:47:44,2026-03-02 23:18:14,Y
1729,Rory,Foster,roryf1729@example.org.uk,0191 496 0811,Bury St Edmunds,Suffolk,United Kingdom,2026-06-20 03:37:31,2026-07-02 00:54:56,Y
1730,Reggie,Wilson,rwilson@example.co.uk,0161 496 0025,Norwich,Norfolk,United Kingdom,2026-01-28 14:26:52,2026-02-10 18:28:10,Y
1731,Sam,Davis,sam.davis173181@example.com,+44 7700 900695,Cambridge,Cambridgeshire,United Kingdom,2026-05-25 12:00:37,2026-06-03 13:42:18,Y
1732,Evie,Reid,evier661732@example.net,+44 7700 900792,Warrington,Cheshire,United Kingdom,2026-06-08 14:02:58,2026-07-08 01:11:27,Y
1733,Chloe,Ahmed,chloea61@example.com,0131 496 0180,Stockport,Greater Manchester,United Kingdom,2026-04-28 08:00:10,2026-05-10 00:55:05,Y
1734,Rory,Murray,rorym92@example.net,+44 7700 900876,Newcastle upon Tyne,Tyne and Wear,United Kingdom,2026-03-31 22:33:24,2026-04-17 00:45:05,Y
1735,Abigail,Newman,anewman1735@example.co.uk,0161 496 0173,Canterbury,Kent,United Kingdom,2026-06-17 23:36:21,2026-07-02 22:31:11,Y
1736,Henry,Knight,hknight64@example.com,+44 7700 900531,Blackburn,Lancashire,United Kingdom,2026-06-18 09:59:25,2026-06-21 06:29:49,N
1737,Freya,Murphy,freya.murphy1737261737@example.org.uk,020 7946 0144,Swindon,Wiltshire,United Kingdom,2026-06-05 21:11:36,2026-06-28 14:01:18,Y
1738,Rosie,Macdonald,rosie.macdonald1738@example.co.uk,0151 496 0659,Reading,Berkshire,United Kingdom,2026-02-03 22:20:37,2026-03-06 16:43:14,Y
1739,Theo,Roberts,troberts@example.co.uk,029 496 0437,Enfield,Greater London,United Kingdom,2026-04-14 02:02:01,2026-05-12 01:12:15,Y
1740,Jacob,Wood,jacobw1740@example.co.uk,+44 7700 900060,Worcester,Worcestershire,United Kingdom,2026-01-28 15:59:43,2026-02-13 02:47:57,N
1741,Ivy,Moore,ivy.moore1741371741@example.com,+44 7700 900969,Southport,Merseyside,United Kingdom,2026-03-02 03:57:56,2026-03-08 03:55:20,Y
1742,Bethan,Turner,bethan.turner1742@example.co.uk,+44 7700 900505,Great Yarmouth,Norfolk,United Kingdom,2026-04-18 02:03:39,2026-04-26 05:06:33,Y
1743,Megan,White,megan.white174380@example.co.uk,+44 7700 900065,Manchester,Greater Manchester,United Kingdom,2026-04-24 11:38:40,2026-05-20 12:37:51,Y
1744,Adam,Lee,adaml101744@example.co.uk,029 496 0936,Glasgow,Glasgow City,United Kingdom,2026-06-28 14:24:08,2026-07-19 08:59:20,Y
1745,Katie,Doyle,katie.doyle1745@example.co.uk,+44 7700 900373,Bolton,Greater Manchester,United Kingdom,2026-05-06 14:43:18,2026-05-13 21:30:28,Y
1746,Sam,Campbell,sam.campbell1746561746@example.org.uk,029 496 0802,Ayr,South Ayrshire,United Kingdom,2026-05-16 06:05:37,2026-05-17 02:47:43,Y
1747,Priya,Foster,priyaf1747@example.com,0141 496 0249,Harrogate,North Yorkshire,United Kingdom,2026-02-05 00:23:49,2026-02-18 18:58:44,Y
1748,Joshua,Shaw,jshaw@example.co.uk,+44 7700 900827,Milton Keynes,Buckinghamshire,United Kingdom,2026-02-17 21:46:58,2026-03-13 18:20:29,Y
1749,Jessica,Bennett,jbennett@example.co.uk,+44 7700 900568,Basingstoke,Hampshire,United Kingdom,2026-02-23 18:52:30,2026-03-12 06:15:09,Y
1750,James,Webb,james.webb1750341750@example.com,0114 496 0278,Salisbury,Wiltshire,United Kingdom,2026-02-05 02:28:27,2026-02-25 15:23:31,Y
1751,Hannah,Mason,hannah.mason1751@example.org.uk,0131 496 0939,Bath,Somerset,United Kingdom,2026-02-02 16:19:06,2026-02-06 07:33:09,Y
1752,Finley,Bennett,finleyb17@example.org.uk,+44 7700 900973,Wrexham,Clwyd,United Kingdom,2026-03-26 00:14:52,2026-04-25 10:14:45,Y
1753,Lucy,Brown,lucy.brown@example.co.uk,+44 7700 900316,Newport,Gwent,United Kingdom,2026-06-30 11:04:55,2026-07-27 16:22:59,Y
1754,Andrew,Foster,andrew.foster81@example.com,020 7946 0448,Stirling,Stirlingshire,United Kingdom,2026-03-03 16:59:39,2026-03-20 02:25:18,Y
1755,Anya,O'Brien,anya.obrien20@example.com,01632 965431,Stoke-on-Trent,Staffordshire,United Kingdom,2026-06-28 03:37:30,2026-07-27 12:18:31,Y
1756,Ivy,Chowdhury,ichowdhury50@example.co.uk,029 496 0488,Stockport,Greater Manchester,United Kingdom,2026-04-18 08:12:21,2026-05-16 09:20:34,Y
1757,Katie,Phillips,katiep@example.co.uk,+44 7700 900192,Cheltenham,Gloucestershire,United Kingdom,2026-03-26 21:58:56,2026-03-28 05:30:00,Y
1758,Grace,Phillips,gracep1758@example.net,+44 7700 900595,Eastbourne,East Sussex,United Kingdom,2026-05-25 19:44:53,2026-06-18 21:06:57,Y
1759,Zara,Morris,zmorris@example.org.uk,+44 7700 900819,Bury St Edmunds,Suffolk,United Kingdom,2026-06-03 23:39:59,2026-06-06 17:10:07,Y
1760,Thomas,Shaw,thomas.shaw79@example.co.uk,+44 7700 900340,Banbury,Oxfordshire,United Kingdom,2026-01-11 03:02:31,2026-01-27 10:43:53,Y
1761,Toby,Wilson,tobyw@example.net,+44 7700 900978,Oldham,Greater Manchester,United Kingdom,2026-03-19 07:01:59,2026-03-20 07:51:49,Y
1762,Jessica,Fraser,jessicaf@example.co.uk,020 7946 0829,Merthyr Tydfil,Mid Glamorgan,United Kingdom,2026-05-17 19:55:24,2026-06-08 17:42:25,Y
1763,Florence,Hunt,florenceh@example.net,+44 7700 900247,Belfast,County Antrim,United Kingdom,2026-01-14 12:49:24,2026-02-05 17:17:08,Y
1764,Jessica,Shaw,jshaw1764@example.co.uk,020 7946 0177,Perth,Perth and Kinross,United Kingdom,2026-02-05 03:28:07,2026-03-05 23:25:30,Y
1765,Katie,Johnson,katie.johnson176529@example.co.uk,+44 7700 900610,Peterborough,Cambridgeshire,United Kingdom,2026-03-29 13:58:03,2026-04-05 21:03:40,Y
1766,Amelia,Powell,ameliap@example.com,+44 7700 900090,Bedford,Bedfordshire,United Kingdom,2026-04-16 23:48:56,2026-05-12 17:24:58,N
1767,Arthur,Clark,aclark@example.org.uk,01632 966057,Dundee,Dundee City,United Kingdom,2026-01-04 23:15:52,2026-01-06 01:19:00,Y
1768,Rory,Byrne,rory.byrne176832@example.org.uk,01632 967289,Coventry,West Midlands,United Kingdom,2026-03-14 01:20:22,2026-04-02 22:16:37,N
1769,Aoife,Macdonald,aoifem36@example.co.uk,+44 7700 900826,Salisbury,Wiltshire,United Kingdom,2026-02-03 19:25:30,2026-02-24 23:07:34,Y
1770,Priya,Thompson,pthompson@example.net,01632 964161,Cambridge,Cambridgeshire,United Kingdom,2026-05-20 06:31:45,2026-06-12 18:29:43,Y
1771,Noah,Graham,ngraham@example.org.uk,+44 7700 900018,Coventry,West Midlands,United Kingdom,2026-04-24 22:19:23,2026-05-19 15:38:18,Y
1772,Elliot,Robinson,elliot.robinson@example.com,+44 7700 900917,Bangor,Gwynedd,United Kingdom,2026-05-15 08:20:44,2026-06-02 00:26:47,Y
1773,Hannah,Begum,hannah.begum@example.org.uk,+44 7700 900454,Newcastle upon Tyne,Tyne and Wear,United Kingdom,2026-04-16 22:39:31,2026-04-25 00:53:29,Y
1774,Ben,Byrne,bbyrne@example.com,+44 7700 900260,Gloucester,Gloucestershire,United Kingdom,2026-05-14 07:19:47,2026-05-31 13:27:10,Y
1775,Amelia,Campbell,ameliac631775@example.net,0114 496 0070,Norwich,Norfolk,United Kingdom,2026-02-06 01:15:44,2026-02-20 22:04:13,N
1776,Sam,Clarke,sclarke52@example.net,01632 963052,London,Greater London,United Kingdom,2026-01-06 15:53:02,2026-01-15 00:30:26,Y
1777,Ivy,Cook,ivy.cook1777@example.co.uk,020 7946 0455,Gloucester,Gloucestershire,United Kingdom,2026-01-22 01:17:54,2026-02-10 13:48:55,Y
1778,Oscar,Patel,oscar.patel59@example.org.uk,+44 7700 900864,Southend-on-Sea,Essex,United Kingdom,2026-04-09 14:02:14,2026-04-16 02:13:56,Y
1779,Anya,Hall,anya.hall1779@example.net,+44 7700 900353,Enfield,Greater London,United Kingdom,2026-01-14 21:19:02,2026-02-01 09:18:03,Y
1780,Zara,Chapman,zara.chapman17801780@example.net,01632 968671,York,North Yorkshire,United Kingdom,2026-03-28 08:51:48,2026-04-15 15:39:49,Y
1781,Alfie,Davis,alfie.davis1781@example.net,020 7946 0370,Huddersfield,West Yorkshire,United Kingdom,2026-06-09 13:55:27,2026-07-05 13:55:14,Y
1782,Finley,Robinson,frobinson69@example.co.uk,01632 969655,Bournemouth,Dorset,United Kingdom,2026-01-28 17:24:46,2026-02-27 14:43:40,N
1783,Chloe,Clark,chloe.clark1783@example.com,+44 7700 900259,Middlesbrough,North Yorkshire,United Kingdom,2026-05-17 14:27:36,2026-06-10 09:17:09,Y
1784,Charlotte,Wright,cwright@example.co.uk,+44 7700 900830,Carlisle,Cumbria,United Kingdom,2026-04-08 14:47:59,2026-04-15 19:45:59,Y
1785,Emily,Morgan,emorgan@example.co.uk,+44 7700 900514,Chesterfield,Derbyshire,United Kingdom,2026-06-24 08:05:15,2026-07-19 01:23:36,Y
1786,Mia,Bell,mbell42@example.co.uk,+44 7700 900315,Shrewsbury,Shropshire,United Kingdom,2026-01-10 19:17:23,2026-01-19 16:34:13,Y
1787,Henry,Clark,henry.clark1787@example.co.uk,+44 7700 900083,Oxford,Oxfordshire,United Kingdom,2026-06-05 00:07:19,2026-06-23 21:28:12,Y
1788,Daniel,Holmes,daniel.holmes17881788@example.com,0121 496 0780,Bangor,County Down,United Kingdom,2026-02-15 14:29:01,2026-03-01 14:58:03,N
1789,Sophie,Williams,sophiew1789@example.com,0113 496 0172,Swansea,West Glamorgan,United Kingdom,2026-05-03 20:54:35,2026-05-10 09:58:12,Y
1790,George,Barker,georgeb@example.org.uk,+44 7700 900804,Blackburn,Lancashire,United Kingdom,2026-03-12 19:35:20,2026-04-11 22:03:31,Y
1791,Mia,Cook,mcook5@example.net,01632 966128,Livingston,West Lothian,United Kingdom,2026-03-12 08:55:31,2026-03-16 16:35:42,Y
1792,Ella,Hill,ehill611792@example.co.uk,020 7946 0530,Brighton,East Sussex,United Kingdom,2026-06-08 20:03:14,2026-06-12 16:05:25,Y
1793,Luke,Turner,lturner1793@example.org.uk,+44 7700 900995,Gateshead,Tyne and Wear,United Kingdom,2026-04-23 18:20:02,2026-05-11 16:34:05,N
1794,Mohammed,Campbell,mohammed.campbell1794341794@example.co.uk,020 7946 0666,Norwich,Norfolk,United Kingdom,2026-03-08 08:01:43,2026-04-04 19:36:28,Y
1795,Archie,Lewis,archie.lewis221795@example.org.uk,+44 7700 900333,Derby,Derbyshire,United Kingdom,2026-03-02 11:06:04,2026-03-19 01:13:36,Y
1796,Ryan,Grant,rgrant60@example.co.uk,+44 7700 900696,Stirling,Stirlingshire,United Kingdom,2026-02-22 10:36:23,2026-03-21 08:02:27,Y
1797,Finley,Clarke,fclarke99@example.org.uk,029 496 0931,Hastings,East Sussex,United Kingdom,2026-03-14 04:01:20,2026-04-02 15:22:46,Y
1798,Michael,Doyle,mdoyle@example.net,+44 7700 900371,Southampton,Hampshire,United Kingdom,2026-04-06 15:18:39,2026-04-06 20:41:41,Y
1799,Florence,Patel,fpatel1799@example.net,020 7946 0697,Huddersfield,West Yorkshire,United Kingdom,2026-02-08 18:01:06,2026-02-28 00:52:26,Y
1800,Charlie,Macdonald,charliem261800@example.net,+44 7700 900495,Leicester,Leicestershire,United Kingdom,2026-05-11 18:45:22,2026-06-11 01:10:15,Y
1801,Sam,Richards,sam.richards591801@example.org.uk,+44 7700 900452,Birmingham,West Midlands,United Kingdom,2026-06-18 23:09:24,2026-07-13 19:14:28,N
1802,Molly,Hussain,molly.hussain180273@example.org.uk,01632 963240,Bath,Somerset,United Kingdom,2026-02-27 18:32:36,2026-03-20 12:19:02,Y
1803,Ruby,James,ruby.james20@example.co.uk,+44 7700 900304,Stevenage,Hertfordshire,United Kingdom,2026-02-01 16:51:03,2026-02-21 08:33:36,Y
1804,George,Palmer,george.palmer180492@example.net,0113 496 0344,Newry,County Down,United Kingdom,2026-03-23 08:12:53,2026-04-10 18:11:08,Y
1805,Lucy,Watson,lucy.watson421805@example.co.uk,0161 496 0550,Sheffield,South Yorkshire,United Kingdom,2026-04-03 07:29:20,2026-04-26 11:13:35,Y
1806,Fatima,Holmes,fatima.holmes18061@example.org.uk,+44 7700 900148,Bradford,West Yorkshire,United Kingdom,2026-04-15 11:05:22,2026-05-03 03:10:20,Y
1807,Charlie,Hill,charlie.hill94@example.net,0114 496 0349,Derby,Derbyshire,United Kingdom,2026-05-04 19:14:28,2026-05-30 08:29:04,Y
1808,Archie,Begum,abegum97@example.co.uk,01632 966400,Lincoln,Lincolnshire,United Kingdom,2026-02-02 17:15:49,2026-03-04 06:59:26,Y
1809,Emily,Hussain,emily.hussain180964@example.co.uk,01632 969129,Carlisle,Cumbria,United Kingdom,2026-06-05 08:50:18,2026-06-15 18:57:23,Y
1810,Eilidh,Shaw,eilidh.shaw181094@example.com,020 7946 0207,Stevenage,Hertfordshire,United Kingdom,2026-05-10 04:36:31,2026-05-30 11:33:42,Y
1811,Thomas,O'Brien,tobrien1811@example.co.uk,+44 7700 900425,York,North Yorkshire,United Kingdom,2026-01-04 05:07:26,2026-01-12 22:53:25,Y
1812,Iona,Wilson,ionaw1812@example.co.uk,020 7946 0975,Sheffield,South Yorkshire,United Kingdom,2026-01-26 04:55:02,2026-02-21 17:56:46,Y
1813,Leo,Baker,leo.baker@example.co.uk,+44 7700 900298,Paisley,Renfrewshire,United Kingdom,2026-01-19 04:32:55,2026-02-04 17:30:22,Y
1814,Millie,Campbell,millie.campbell1814@example.co.uk,0114 496 0942,Harrogate,North Yorkshire,United Kingdom,2026-04-13 22:35:15,2026-05-06 07:42:36,Y
1815,Iona,Quinn,iquinn@example.co.uk,0114 496 0199,Worthing,West Sussex,United Kingdom,2026-03-28 18:38:39,2026-04-01 17:40:43,Y
1816,Noah,Clark,noah.clark1816@example.co.uk,+44 7700 900802,Wolverhampton,West Midlands,United Kingdom,2026-04-01 14:58:26,2026-04-22 05:46:19,Y
1817,Sophie,Doyle,sophie.doyle@example.com,0191 496 0928,Northampton,Northamptonshire,United Kingdom,2026-05-03 22:08:46,2026-05-09 21:58:23,Y
1818,Raj,Evans,revans771818@example.com,020 7946 0657,Liverpool,Merseyside,United Kingdom,2026-05-11 02:09:57,2026-05-11 20:47:20,Y
1819,Poppy,Hussain,poppy.hussain@example.org.uk,+44 7700 900541,Birmingham,West Midlands,United Kingdom,2026-04-27 12:20:28,2026-05-03 05:07:05,Y
1820,Fraser,Singh,fraser.singh1820@example.net,+44 7700 900912,Exeter,Devon,United Kingdom,2026-01-25 07:19:31,2026-02-04 08:56:04,Y
1821,Bethan,Hunt,bhunt@example.net,+44 7700 900829,Cardiff,South Glamorgan,United Kingdom,2026-05-29 16:54:59,2026-06-12 02:15:23,Y
1822,Sophia,Roberts,sophiar57@example.co.uk,+44 7700 900331,Lincoln,Lincolnshire,United Kingdom,2026-02-15 04:02:52,2026-03-18 03:59:38,Y
1823,Reggie,Wright,reggie.wright@example.com,01632 963570,Exeter,Devon,United Kingdom,2026-05-13 08:36:56,2026-06-01 18:43:18,Y
1824,Henry,Patel,henry.patel@example.co.uk,0117 496 0895,Lisburn,County Antrim,United Kingdom,2026-01-31 09:17:31,2026-02-14 17:13:41,Y
1825,Finley,Foster,ffoster51@example.net,020 7946 0832,Huddersfield,West Yorkshire,United Kingdom,2026-03-08 19:48:06,2026-04-07 03:30:23,Y
1826,Elsie,Dixon,edixon33@example.com,0121 496 0434,Stirling,Stirlingshire,United Kingdom,2026-02-22 17:53:32,2026-03-18 22:55:10,Y
1827,Mia,Rees,mia.rees28@example.org.uk,020 7946 0253,Winchester,Hampshire,United Kingdom,2026-05-19 17:51:12,2026-05-20 09:45:04,Y
1828,Noah,Miller,noah.miller1828@example.com,0115 496 0089,Enfield,Greater London,United Kingdom,2026-02-22 09:36:27,2026-03-18 00:09:35,Y
1829,Mia,Graham,mia.graham1829@example.co.uk,+44 7700 900663,Milton Keynes,Buckinghamshire,United Kingdom,2026-03-17 03:45:45,2026-04-15 07:14:41,Y
1830,Aisha,Clark,aisha.clark@example.com,+44 7700 900526,Lisburn,County Antrim,United Kingdom,2026-03-09 02:55:08,2026-03-18 02:37:15,N
1831,Bethan,Cook,bcook1831@example.org.uk,0113 496 0483,Huddersfield,West Yorkshire,United Kingdom,2026-01-21 23:50:14,2026-02-14 02:10:24,Y
1832,Max,Bailey,max.bailey1832@example.co.uk,01632 960922,Bangor,Gwynedd,United Kingdom,2026-03-12 14:40:47,2026-03-29 12:29:51,Y
1833,Olivia,Quinn,oliviaq@example.co.uk,+44 7700 900605,Doncaster,South Yorkshire,United Kingdom,2026-03-22 01:27:06,2026-04-21 00:17:39,Y
1834,Amelia,Cooper,amelia.cooper18341834@example.co.uk,+44 7700 900722,Merthyr Tydfil,Mid Glamorgan,United Kingdom,2026-05-23 21:53:56,2026-06-12 23:34:36,Y
1835,Jack,Walker,jack.walker1835@example.org.uk,+44 7700 900052,Blackpool,Lancashire,United Kingdom,2026-02-05 18:24:55,2026-03-08 02:08:07,Y
1836,William,Baker,wbaker@example.org.uk,01632 965927,Middlesbrough,North Yorkshire,United Kingdom,2026-02-08 15:52:11,2026-03-04 07:10:19,Y
1837,Ryan,Hall,ryan.hall21@example.net,+44 7700 900293,Belfast,County Antrim,United Kingdom,2026-01-23 16:54:46,2026-02-15 22:55:13,Y
1838,Grace,Foster,grace.foster183881@example.net,01632 967738,Solihull,West Midlands,United Kingdom,2026-05-23 19:13:45,2026-05-28 20:40:29,Y
1839,Freddie,Campbell,fcampbell74@example.com,01632 962772,Derby,Derbyshire,United Kingdom,2026-04-08 20:37:15,2026-04-29 08:07:48,Y
1840,Owen,Powell,owen.powell77@example.co.uk,+44 7700 900893,Canterbury,Kent,United Kingdom,2026-02-16 09:53:14,2026-03-16 19:35:45,Y
1841,Dylan,Jones,dylan.jones184131@example.co.uk,+44 7700 900771,Watford,Hertfordshire,United Kingdom,2026-06-11 12:38:22,2026-06-29 03:56:28,Y
1842,Priya,Holmes,priyah@example.co.uk,+44 7700 900537,Plymouth,Devon,United Kingdom,2026-03-15 13:28:20,2026-03-23 10:55:27,Y
1843,Nathan,Barker,nbarker@example.co.uk,+44 7700 900369,Basingstoke,Hampshire,United Kingdom,2026-03-23 21:07:22,2026-04-15 09:52:30,Y
1844,Michael,Singh,michael.singh81@example.co.uk,0115 496 0524,Manchester,Greater Manchester,United Kingdom,2026-05-04 15:38:26,2026-05-25 22:39:44,Y
1845,Poppy,King,pking30@example.com,020 7946 0192,Eastbourne,East Sussex,United Kingdom,2026-02-25 13:03:35,2026-03-21 23:20:18,Y
1846,David,Evans,david.evans@example.co.uk,+44 7700 900021,Kendal,Cumbria,United Kingdom,2026-04-11 14:27:25,2026-04-19 15:44:56,Y
1847,Henry,Kaur,henry.kaur184728@example.co.uk,020 7946 0960,London,Greater London,United Kingdom,2026-03-28 20:52:02,2026-04-07 11:18:16,Y
1848,Charlotte,Green,charlotte.green1848@example.co.uk,0161 496 0483,Leeds,West Yorkshire,United Kingdom,2026-02-12 17:13:49,2026-03-04 20:53:28,Y
1849,Jessica,Begum,jessicab71@example.net,+44 7700 900057,Cambridge,Cambridgeshire,United Kingdom,2026-06-04 17:01:46,2026-06-05 05:07:35,Y
1850,Katie,Newman,katie.newman55@example.co.uk,+44 7700 900508,Lisburn,County Antrim,United Kingdom,2026-04-01 17:04:41,2026-04-03 09:18:04,Y
1851,Ava,Owen,ava.owen18511851@example.co.uk,0121 496 0188,Telford,Shropshire,United Kingdom,2026-02-10 17:25:55,2026-03-05 00:44:46,Y
1852,Jacob,Ali,jacob.ali1852@example.co.uk,+44 7700 900211,Livingston,West Lothian,United Kingdom,2026-04-06 10:26:13,2026-04-24 09:41:13,Y
1853,Sophia,Bailey,sophia.bailey1853@example.com,0121 496 0019,Worthing,West Sussex,United Kingdom,2026-01-06 16:06:32,2026-01-19 07:08:42,Y
1854,Millie,Ahmed,millie.ahmed185465@example.net,0141 496 0564,Slough,Berkshire,United Kingdom,2026-01-07 07:40:49,2026-01-29 14:43:06,Y
1855,Theo,Smith,theo.smith87@example.org.uk,+44 7700 900615,Guildford,Surrey,United Kingdom,2026-04-07 20:25:08,2026-05-04 20:21:25,Y
1856,Abigail,Macdonald,amacdonald@example.com,+44 7700 900894,Taunton,Somerset,United Kingdom,2026-01-20 02:32:46,2026-02-12 01:58:47,Y
1857,Nancy,Baker,nancy.baker70@example.co.uk,0151 496 0331,Derby,Derbyshire,United Kingdom,2026-05-19 19:58:09,2026-05-23 19:35:59,Y
1858,Andrew,Dixon,andrew.dixon185890@example.co.uk,020 7946 0960,Merthyr Tydfil,Mid Glamorgan,United Kingdom,2026-06-05 09:50:20,2026-06-19 02:37:21,Y
1859,Eilidh,Morgan,eilidh.morgan@example.com,0115 496 0261,Milton Keynes,Buckinghamshire,United Kingdom,2026-04-28 06:06:16,2026-05-19 00:36:40,Y
1860,Luke,Reid,luke.reid@example.co.uk,+44 7700 900138,Hastings,East Sussex,United Kingdom,2026-01-24 07:26:35,2026-02-01 22:45:33,Y
1861,Anya,Clark,anya.clark36@example.co.uk,+44 7700 900915,Luton,Bedfordshire,United Kingdom,2026-05-10 07:24:01,2026-05-26 06:49:24,Y
1862,Sam,Wood,sam.wood1862@example.co.uk,01632 963367,Brighton,East Sussex,United Kingdom,2026-01-28 14:14:36,2026-01-29 03:03:50,Y
1863,Reggie,Clarke,reggie.clarke1863@example.org.uk,+44 7700 900941,Oldham,Greater Manchester,United Kingdom,2026-05-03 18:06:41,2026-05-13 04:16:32,Y
1864,Poppy,Knight,poppy.knight891864@example.com,+44 7700 900986,Milton Keynes,Buckinghamshire,United Kingdom,2026-01-22 03:35:10,2026-01-28 19:12:25,Y
1865,Arjun,Wood,arjun.wood1865@example.net,+44 7700 900079,Nottingham,Nottinghamshire,United Kingdom,2026-04-14 19:53:30,2026-05-01 19:47:06,Y
1866,Poppy,Morgan,poppym@example.net,0161 496 0307,Stafford,Staffordshire,United Kingdom,2026-01-16 15:16:26,2026-01-26 14:38:19,Y
1867,George,White,georgew821867@example.co.uk,020 7946 0885,Cardiff,South Glamorgan,United Kingdom,2026-03-24 22:36:38,2026-04-06 22:54:22,Y
1868,Zain,Chapman,zchapman@example.net,020 7946 0054,Taunton,Somerset,United Kingdom,2026-05-24 15:34:31,2026-06-04 11:49:51,Y
1869,William,Cooper,william.cooper15@example.co.uk,01632 961176,Derby,Derbyshire,United Kingdom,2026-05-04 16:35:54,2026-05-28 15:41:52,Y
1870,Harper,Owen,harper.owen1870@example.co.uk,020 7946 0230,Reading,Berkshire,United Kingdom,2026-06-29 02:24:08,2026-07-23 02:34:41,Y
1871,Ella,Fraser,efraser281871@example.org.uk,+44 7700 900289,Crawley,West Sussex,United Kingdom,2026-02-12 06:28:55,2026-02-15 08:25:22,Y
1872,David,Byrne,davidb@example.co.uk,01632 964860,Cardiff,South Glamorgan,United Kingdom,2026-06-10 16:31:08,2026-07-04 09:57:33,Y
1873,Saoirse,King,saoirse.king18731873@example.com,01632 960838,Birmingham,West Midlands,United Kingdom,2026-01-31 13:18:46,2026-03-02 10:36:19,Y
1874,Grace,Doyle,gdoyle@example.org.uk,020 7946 0822,Bangor,Gwynedd,United Kingdom,2026-04-06 18:41:10,2026-04-11 04:14:53,Y
1875,Carys,Griffiths,cgriffiths241875@example.net,+44 7700 900709,Blackburn,Lancashire,United Kingdom,2026-06-07 22:23:33,2026-06-27 06:54:02,Y
1876,Millie,Kaur,milliek1876@example.co.uk,+44 7700 900227,Dartford,Kent,United Kingdom,2026-03-26 23:46:54,2026-04-25 03:57:27,Y
1877,Leo,Robinson,leo.robinson187796@example.com,+44 7700 900670,Edinburgh,City of Edinburgh,United Kingdom,2026-05-02 00:20:26,2026-05-07 04:50:30,N
1878,Max,Patel,mpatel@example.net,020 7946 0666,Salisbury,Wiltshire,United Kingdom,2026-01-02 09:44:12,2026-01-09 07:50:46,Y
1879,Joshua,Byrne,jbyrne36@example.co.uk,+44 7700 900814,Carlisle,Cumbria,United Kingdom,2026-01-25 01:39:29,2026-02-13 06:43:51,Y
1880,Chloe,Jones,chloe.jones50@example.org.uk,+44 7700 900764,Romford,Greater London,United Kingdom,2026-02-27 11:40:00,2026-03-28 17:57:18,Y
1881,Ben,Morgan,ben.morgan1881@example.com,01632 962532,Liverpool,Merseyside,United Kingdom,2026-04-20 18:46:19,2026-05-02 14:35:44,Y
1882,Arjun,Macdonald,arjun.macdonald@example.co.uk,+44 7700 900118,Birkenhead,Merseyside,United Kingdom,2026-05-24 17:41:42,2026-05-30 20:18:51,Y
1883,Toby,Wilson,twilson@example.co.uk,+44 7700 900752,Wakefield,West Yorkshire,United Kingdom,2026-02-25 08:11:16,2026-03-15 11:20:07,Y
1884,Dylan,Phillips,dphillips1884@example.com,+44 7700 900695,Swansea,West Glamorgan,United Kingdom,2026-06-15 12:21:36,2026-07-10 06:59:53,N
1885,Jessica,Owen,jowen791885@example.co.uk,+44 7700 900926,Stockport,Greater Manchester,United Kingdom,2026-06-07 21:58:30,2026-06-14 02:59:20,Y
1886,Harper,Clark,harper.clark188677@example.com,+44 7700 900018,Torquay,Devon,United Kingdom,2026-02-25 02:59:51,2026-03-16 07:09:01,Y
1887,Priya,Richards,priyar51@example.org.uk,020 7946 0188,Stafford,Staffordshire,United Kingdom,2026-01-01 10:04:57,2026-01-02 14:37:48,Y
1888,Sam,Begum,sbegum68@example.com,+44 7700 900701,Birmingham,West Midlands,United Kingdom,2026-06-20 15:20:19,2026-07-06 18:35:54,Y
1889,Chloe,Thompson,chloe.thompson661889@example.com,+44 7700 900366,Exeter,Devon,United Kingdom,2026-04-09 22:30:22,2026-04-19 14:50:55,Y
1890,Freya,Miller,freyam24@example.org.uk,+44 7700 900904,Eastbourne,East Sussex,United Kingdom,2026-06-04 06:10:40,2026-06-30 14:55:49,Y
1891,David,Sharma,david.sharma189149@example.net,0114 496 0595,Reading,Berkshire,United Kingdom,2026-05-24 14:31:44,2026-06-18 23:14:51,Y
1892,Oliver,Newman,oliver.newman1892@example.net,+44 7700 900886,Loughborough,Leicestershire,United Kingdom,2026-04-22 20:22:11,2026-04-23 08:16:40,Y
1893,William,Miller,william.miller189398@example.co.uk,+44 7700 900989,Watford,Hertfordshire,United Kingdom,2026-03-30 23:27:13,2026-04-19 17:24:11,Y
1894,Toby,Green,tobyg1894@example.com,+44 7700 900189,Taunton,Somerset,United Kingdom,2026-04-08 11:11:59,2026-05-01 11:24:27,Y
1895,Harper,Hussain,hhussain1895@example.co.uk,+44 7700 900194,Edinburgh,City of Edinburgh,United Kingdom,2026-02-19 00:37:19,2026-03-01 04:35:42,Y
1896,Raj,Wood,rajw@example.org.uk,+44 7700 900504,Newport,Gwent,United Kingdom,2026-05-09 00:38:17,2026-05-10 20:55:58,Y
1897,Zain,Clark,zain.clark111897@example.co.uk,+44 7700 900516,Stoke-on-Trent,Staffordshire,United Kingdom,2026-01-12 22:45:16,2026-01-21 18:48:52,Y
1898,Anya,Rees,anyar32@example.org.uk,+44 7700 900825,Merthyr Tydfil,Mid Glamorgan,United Kingdom,2026-05-01 19:40:29,2026-05-17 01:11:16,Y
1899,Willow,Price,willowp341899@example.org.uk,+44 7700 900802,Brighton,East Sussex,United Kingdom,2026-05-20 03:02:23,2026-05-20 23:00:08,Y
1900,Niamh,Evans,niamh.evans73@example.org.uk,+44 7700 900343,Blackburn,Lancashire,United Kingdom,2026-02-15 04:05:26,2026-03-13 07:08:54,Y
1901,Lucy,Shaw,lucy.shaw1@example.org.uk,020 7946 0141,Preston,Lancashire,United Kingdom,2026-01-16 10:06:54,2026-02-02 19:01:06,Y
1902,Thomas,Hussain,thomas.hussain19021902@example.net,029 496 0851,Bracknell,Berkshire,United Kingdom,2026-01-05 10:53:43,2026-02-01 21:51:28,Y
1903,Harry,Brown,harry.brown1903@example.net,+44 7700 900310,Crewe,Cheshire,United Kingdom,2026-05-31 23:23:33,2026-06-01 20:48:59,Y
1904,Fatima,Shaw,fshaw661904@example.net,020 7946 0920,Gateshead,Tyne and Wear,United Kingdom,2026-06-21 01:04:12,2026-07-17 17:13:58,Y
1905,Thomas,Hunt,thomash48@example.org.uk,0141 496 0989,Dartford,Kent,United Kingdom,2026-02-14 14:02:17,2026-03-05 20:46:49,Y
1906,Andrew,Knight,aknight@example.co.uk,020 7946 0341,Ayr,South Ayrshire,United Kingdom,2026-06-12 23:53:53,2026-07-13 00:13:10,Y
1907,Michael,Edwards,michael.edwards19071907@example.co.uk,0115 496 0609,Bury St Edmunds,Suffolk,United Kingdom,2026-01-31 10:29:36,2026-02-27 08:35:12,Y
1908,Raj,Hughes,raj.hughes1908@example.co.uk,0141 496 0964,Lisburn,County Antrim,United Kingdom,2026-01-23 03:58:05,2026-01-29 03:03:16,Y
1909,Ben,Evans,ben.evans@example.net,+44 7700 900449,Cardiff,South Glamorgan,United Kingdom,2026-06-10 00:49:10,2026-07-05 01:02:50,Y
1910,Iona,Chowdhury,ionac28@example.com,+44 7700 900864,Kendal,Cumbria,United Kingdom,2026-01-21 23:15:19,2026-02-17 20:57:16,Y
1911,Chloe,Kaur,chloe.kaur191131@example.co.uk,+44 7700 900387,Colchester,Essex,United Kingdom,2026-02-03 09:03:24,2026-02-25 18:14:41,Y
1912,Daisy,Baker,daisyb561912@example.co.uk,+44 7700 900467,Preston,Lancashire,United Kingdom,2026-03-22 13:14:53,2026-03-28 22:11:05,Y
1913,Maisie,Baker,maisie.baker19131913@example.co.uk,+44 7700 900669,Doncaster,South Yorkshire,United Kingdom,2026-03-17 08:44:28,2026-03-25 11:15:50,Y
1914,Conor,Cook,ccook23@example.com,+44 7700 900889,Liverpool,Merseyside,United Kingdom,2026-03-31 20:33:28,2026-04-27 17:17:21,Y
1915,Mia,Lee,mia.lee19151915@example.org.uk,+44 7700 900099,Shrewsbury,Shropshire,United Kingdom,2026-05-30 12:09:34,2026-06-17 18:54:01,Y
1916,Ben,Roberts,benr19@example.com,0161 496 0536,Kendal,Cumbria,United Kingdom,2026-06-24 09:13:21,2026-07-17 01:49:14,Y
1917,Katie,Martin,katie.martin1917@example.net,+44 7700 900002,Bournemouth,Dorset,United Kingdom,2026-03-10 02:32:49,2026-03-16 10:46:18,Y
1918,Aoife,Green,aoifeg@example.org.uk,+44 7700 900962,Luton,Bedfordshire,United Kingdom,2026-01-30 16:42:40,2026-02-05 07:51:09,Y
1919,Ella,Edwards,ella.edwards@example.org.uk,0121 496 0983,Aberdeen,Aberdeen City,United Kingdom,2026-04-06 18:24:42,2026-04-24 19:45:26,Y
1920,Zara,Green,zarag111920@example.net,+44 7700 900785,Lancaster,Lancashire,United Kingdom,2026-04-02 00:10:26,2026-04-17 10:32:07,Y
1921,Saoirse,Griffiths,saoirse.griffiths53@example.co.uk,020 7946 0754,Luton,Bedfordshire,United Kingdom,2026-02-17 11:19:10,2026-03-04 04:30:58,Y
1922,Toby,Brown,tbrown@example.net,020 7946 0720,Portsmouth,Hampshire,United Kingdom,2026-06-07 14:37:36,2026-06-30 04:24:01,Y
1923,Owen,Watson,owatson31@example.com,0114 496 0215,Canterbury,Kent,United Kingdom,2026-03-04 08:46:23,2026-03-23 19:17:06,Y
1924,Mohammed,Murray,mohammed.murray1924@example.co.uk,01632 961574,Dartford,Kent,United Kingdom,2026-01-11 07:48:59,2026-02-08 23:55:25,Y
1925,Sophia,Edwards,sophia.edwards1925@example.net,020 7946 0639,London,Greater London,United Kingdom,2026-03-10 18:25:37,2026-03-10 23:57:47,Y
1926,Liam,Clark,liamc@example.co.uk,01632 967385,Londonderry,County Londonderry,United Kingdom,2026-06-02 22:33:12,2026-07-03 17:21:20,Y
1927,Theo,Cooper,tcooper@example.org.uk,01632 961092,Carlisle,Cumbria,United Kingdom,2026-03-27 01:05:19,2026-04-21 05:56:41,Y
1928,Evie,Moore,evie.moore19281928@example.net,020 7946 0417,Stafford,Staffordshire,United Kingdom,2026-02-12 14:00:42,2026-02-16 20:56:53,Y
1929,Elsie,Price,elsie.price1929@example.co.uk,+44 7700 900405,Stoke-on-Trent,Staffordshire,United Kingdom,2026-01-21 05:15:54,2026-01-27 18:21:40,Y
1930,Arjun,Shaw,arjun.shaw14@example.co.uk,+44 7700 900176,Newport,Gwent,United Kingdom,2026-06-25 17:54:49,2026-07-06 18:24:59,Y
1931,Theo,Moore,theo.moore79@example.co.uk,0113 496 0027,Taunton,Somerset,United Kingdom,2026-05-01 17:43:25,2026-05-24 00:41:55,Y
1932,Daniel,Begum,daniel.begum1932@example.com,020 7946 0798,Stevenage,Hertfordshire,United Kingdom,2026-04-29 22:15:48,2026-05-29 01:39:56,Y
1933,Rhys,Barker,rhysb@example.co.uk,+44 7700 900397,Bradford,West Yorkshire,United Kingdom,2026-02-04 12:49:20,2026-03-04 22:42:03,Y
1934,Amelia,Martin,amartin@example.co.uk,+44 7700 900283,Southend-on-Sea,Essex,United Kingdom,2026-04-19 19:25:34,2026-04-22 06:57:16,Y
1935,Max,Chapman,max.chapman1935@example.org.uk,020 7946 0322,Doncaster,South Yorkshire,United Kingdom,2026-05-31 00:14:56,2026-06-19 06:04:11,Y
1936,Freddie,Evans,freddie.evans1936@example.co.uk,+44 7700 900046,Warrington,Cheshire,United Kingdom,2026-03-29 16:52:00,2026-04-18 12:40:25,Y
1937,Aisha,Stewart,aishas@example.co.uk,01632 968731,Worcester,Worcestershire,United Kingdom,2026-06-15 07:08:31,2026-06-21 08:21:50,Y
1938,Mia,Green,mia.green193872@example.co.uk,020 7946 0423,Salisbury,Wiltshire,United Kingdom,2026-03-28 12:41:11,2026-04-10 16:59:30,Y
1939,Willow,Holmes,willowh@example.net,+44 7700 900863,Crewe,Cheshire,United Kingdom,2026-05-04 01:16:26,2026-05-09 06:42:09,Y
1940,Freddie,Morgan,freddie.morgan@example.com,01632 962296,Cambridge,Cambridgeshire,United Kingdom,2026-01-28 14:51:05,2026-02-09 12:37:11,Y
1941,Rhys,Gibson,rhys.gibson1941@example.com,+44 7700 900036,Newport,Gwent,United Kingdom,2026-04-14 00:10:20,2026-04-18 18:42:44,Y
1942,Daniel,Walker,daniel.walker194212@example.co.uk,+44 7700 900445,Newcastle upon Tyne,Tyne and Wear,United Kingdom,2026-01-03 15:41:42,2026-01-16 05:30:45,Y
1943,Aoife,Clarke,aoifec@example.co.uk,+44 7700 900462,Bradford,West Yorkshire,United Kingdom,2026-03-08 23:40:07,2026-03-28 14:12:30,Y
1944,Ella,Davis,ella.davis1944361944@example.co.uk,+44 7700 900513,Telford,Shropshire,United Kingdom,2026-03-27 17:23:07,2026-04-21 22:50:41,Y
1945,Ivy,Walker,ivyw@example.com,+44 7700 900835,Bangor,Gwynedd,United Kingdom,2026-06-22 02:09:00,2026-07-03 00:46:16,Y
1946,Alfie,Ali,alfie.ali98@example.co.uk,0114 496 0505,Colchester,Essex,United Kingdom,2026-06-07 23:55:29,2026-06-21 01:24:47,Y
1947,Michael,Hughes,michaelh1947@example.co.uk,020 7946 0587,Solihull,West Midlands,United Kingdom,2026-05-06 14:23:03,2026-06-04 10:06:26,Y
1948,Bonnie,Robinson,bonnie.robinson194886@example.com,+44 7700 900852,Aberdeen,Aberdeen City,United Kingdom,2026-03-28 21:18:49,2026-04-23 21:53:06,Y
1949,Zain,Edwards,zaine1949@example.org.uk,01632 961422,Loughborough,Leicestershire,United Kingdom,2026-04-02 13:01:28,2026-04-12 22:41:30,Y
1950,Zain,Wilson,zainw86@example.net,01632 965218,Cambridge,Cambridgeshire,United Kingdom,2026-04-02 23:02:34,2026-04-26 11:17:45,Y
1951,Dylan,Jones,dylan.jones195153@example.co.uk,+44 7700 900554,Stevenage,Hertfordshire,United Kingdom,2026-01-25 04:46:09,2026-02-14 20:14:06,Y
1952,Ethan,Phillips,ethanp@example.co.uk,+44 7700 900480,Merthyr Tydfil,Mid Glamorgan,United Kingdom,2026-04-28 22:39:15,2026-05-28 22:31:48,Y
1953,Niamh,Hunt,niamh.hunt@example.com,+44 7700 900759,Taunton,Somerset,United Kingdom,2026-01-11 02:20:23,2026-01-12 06:59:09,Y
1954,Ewan,Wright,ewanw@example.com,020 7946 0961,Luton,Bedfordshire,United Kingdom,2026-01-26 12:32:46,2026-01-28 23:32:26,Y
1955,Conor,White,conor.white1955@example.net,020 7946 0404,Doncaster,South Yorkshire,United Kingdom,2026-04-19 12:01:11,2026-05-20 11:17:57,Y
1956,Sam,Byrne,sbyrne@example.co.uk,+44 7700 900357,Mansfield,Nottinghamshire,United Kingdom,2026-01-21 13:07:50,2026-01-28 07:24:09,Y
1957,Rosie,Owen,rowen4@example.net,+44 7700 900110,Londonderry,County Londonderry,United Kingdom,2026-05-19 07:44:51,2026-05-20 19:21:21,Y
1958,Ryan,Graham,rgraham381958@example.co.uk,+44 7700 900122,Crewe,Cheshire,United Kingdom,2026-04-22 08:47:44,2026-05-16 14:05:16,Y
1959,Adam,Stewart,adams@example.com,+44 7700 900682,Crewe,Cheshire,United Kingdom,2026-06-04 12:58:11,2026-06-25 22:15:11,Y
1960,Poppy,Shaw,poppys75@example.net,+44 7700 900785,Manchester,Greater Manchester,United Kingdom,2026-01-05 13:42:08,2026-01-13 22:11:46,Y
1961,Amelia,Parker,amelia.parker48@example.org.uk,0121 496 0014,Newry,County Down,United Kingdom,2026-06-12 10:06:14,2026-06-19 10:51:34,Y
1962,Aisha,Campbell,aisha.campbell871962@example.net,0113 496 0886,Blackpool,Lancashire,United Kingdom,2026-06-06 09:46:45,2026-06-26 00:24:11,Y
1963,Oliver,Watson,owatson@example.co.uk,0114 496 0199,Peterborough,Cambridgeshire,United Kingdom,2026-03-26 17:24:30,2026-04-25 10:24:51,Y
1964,Jessica,White,jessicaw@example.com,01632 963288,Paisley,Renfrewshire,United Kingdom,2026-03-30 14:09:29,2026-04-27 13:40:42,Y
1965,Jessica,Macdonald,jmacdonald87@example.org.uk,+44 7700 900253,Kendal,Cumbria,United Kingdom,2026-02-13 21:24:16,2026-02-25 23:07:10,Y
1966,Iona,Evans,ievans6@example.net,0191 496 0820,Wakefield,West Yorkshire,United Kingdom,2026-01-21 20:31:35,2026-02-01 22:45:22,N
1967,Hannah,Barker,hannah.barker@example.com,+44 7700 900896,Salisbury,Wiltshire,United Kingdom,2026-04-05 09:18:48,2026-04-16 00:02:17,Y
1968,Alfie,Patel,alfiep@example.net,0191 496 0817,Kendal,Cumbria,United Kingdom,2026-06-09 18:10:39,2026-06-21 12:38:05,N
1969,Zara,Martin,zara.martin1969@example.co.uk,+44 7700 900240,Chesterfield,Derbyshire,United Kingdom,2026-01-06 09:35:47,2026-01-21 17:00:45,Y
1970,Hannah,Sharma,hannah.sharma1970@example.net,0191 496 0399,Enfield,Greater London,United Kingdom,2026-04-07 19:54:07,2026-04-11 08:07:20,N
1971,Sophia,Harrison,sophiah@example.co.uk,01632 968185,York,North Yorkshire,United Kingdom,2026-05-27 09:11:55,2026-06-02 08:37:30,Y
1972,Mia,Palmer,mia.palmer26@example.org.uk,+44 7700 900181,Swindon,Wiltshire,United Kingdom,2026-02-25 13:57:38,2026-03-06 00:47:01,Y
1973,Aisha,Thompson,aisha.thompson197381973@example.com,+44 7700 900273,Woking,Surrey,United Kingdom,2026-06-20 21:40:48,2026-07-11 08:13:22,Y
1974,Luke,Reid,luke.reid@example.net,+44 7700 900868,Newcastle upon Tyne,Tyne and Wear,United Kingdom,2026-02-27 12:31:48,2026-03-13 22:24:47,Y
1975,Aisha,Robinson,aisha.robinson1975@example.co.uk,+44 7700 900248,Bradford,West Yorkshire,United Kingdom,2026-02-15 12:18:00,2026-03-04 23:06:29,Y
1976,Thomas,Quinn,tquinn@example.co.uk,+44 7700 900654,Gateshead,Tyne and Wear,United Kingdom,2026-06-24 03:24:37,2026-07-14 16:51:03,Y
1977,Lily,Evans,lily.evans197726@example.co.uk,01632 969086,Doncaster,South Yorkshire,United Kingdom,2026-01-08 19:14:08,2026-01-28 14:46:13,Y
1978,Hannah,Sharma,hannah.sharma197883@example.org.uk,01632 965283,Guildford,Surrey,United Kingdom,2026-04-15 00:20:39,2026-04-22 05:57:19,Y
1979,Reggie,Murray,reggie.murray197972@example.co.uk,+44 7700 900828,Colchester,Essex,United Kingdom,2026-01-24 11:01:47,2026-02-13 07:26:22,Y
1980,Daniel,Grant,danielg@example.co.uk,029 496 0500,Coventry,West Midlands,United Kingdom,2026-02-19 05:29:23,2026-03-14 12:40:53,Y
1981,Rosie,Price,rosiep@example.co.uk,+44 7700 900112,Southport,Merseyside,United Kingdom,2026-02-21 10:08:18,2026-02-23 10:21:54,Y
1982,Rory,Singh,rorys@example.org.uk,+44 7700 900997,Stoke-on-Trent,Staffordshire,United Kingdom,2026-03-04 21:38:28,2026-03-12 03:08:00,Y
1983,Amelia,Kaur,akaur@example.co.uk,+44 7700 900165,Guildford,Surrey,United Kingdom,2026-06-04 10:55:58,2026-07-03 16:11:27,Y
1984,Evie,Owen,evie.owen1984@example.co.uk,+44 7700 900036,Basingstoke,Hampshire,United Kingdom,2026-01-18 00:47:02,2026-02-08 22:13:57,Y
1985,Amelia,Wood,awood9@example.co.uk,+44 7700 900005,Bury St Edmunds,Suffolk,United Kingdom,2026-05-01 12:04:50,2026-05-14 21:01:35,Y
1986,Leo,Knight,leo.knight1986@example.co.uk,+44 7700 900072,Inverness,Highland,United Kingdom,2026-06-05 20:34:45,2026-06-06 11:05:37,Y
1987,Michael,Chowdhury,mchowdhury19@example.net,+44 7700 900879,Oxford,Oxfordshire,United Kingdom,2026-03-16 12:53:52,2026-04-08 14:17:17,Y
1988,Jessica,Green,jgreen@example.net,0131 496 0771,Stoke-on-Trent,Staffordshire,United Kingdom,2026-05-11 20:41:28,2026-05-24 23:47:37,Y
1989,Oscar,Doyle,oscar.doyle19891989@example.co.uk,+44 7700 900393,Sheffield,South Yorkshire,United Kingdom,2026-05-29 03:46:10,2026-06-09 17:28:31,Y
1990,Freya,Allen,freya.allen491990@example.co.uk,020 7946 0820,Leicester,Leicestershire,United Kingdom,2026-03-04 15:13:16,2026-03-08 01:55:00,Y
1991,Elsie,Bennett,elsie.bennett1991@example.com,0161 496 0401,Doncaster,South Yorkshire,United Kingdom,2026-05-06 07:48:16,2026-05-16 17:32:44,Y
1992,Rory,Griffiths,rgriffiths@example.co.uk,020 7946 0102,Inverness,Highland,United Kingdom,2026-04-26 22:16:36,2026-05-05 17:19:24,Y
1993,Amelia,Johnson,ameliaj1993@example.net,+44 7700 900801,Southport,Merseyside,United Kingdom,2026-05-14 09:01:14,2026-06-11 20:37:37,Y
1994,Charlie,Clark,charlie.clark1994@example.org.uk,+44 7700 900907,Lancaster,Lancashire,United Kingdom,2026-03-20 22:10:36,2026-04-10 07:41:21,Y
1995,Harper,Price,harper.price14@example.com,020 7946 0927,Truro,Cornwall,United Kingdom,2026-03-17 04:47:51,2026-04-08 08:57:29,Y
1996,Charlotte,Patel,charlottep31@example.co.uk,0141 496 0860,Harrogate,North Yorkshire,United Kingdom,2026-04-09 08:40:14,2026-04-09 15:17:33,Y
1997,Mohammed,Cook,mohammed.cook199799@example.co.uk,01632 967692,Colchester,Essex,United Kingdom,2026-01-04 08:23:46,2026-01-21 08:19:19,Y
1998,Lily,Murray,lilym141998@example.co.uk,020 7946 0054,Chester,Cheshire,United Kingdom,2026-06-08 05:22:41,2026-06-13 00:17:13,Y
1999,Nathan,Gibson,ngibson@example.co.uk,+44 7700 900023,Stockport,Greater Manchester,United Kingdom,2026-04-06 12:55:59,2026-04-22 09:06:54,Y
2000,Archie,Watson,archie.watson502000@example.com,+44 7700 900914,Barnsley,South Yorkshire,United Kingdom,2026-02-14 15:57:24,2026-02-15 13:01:45,Y
